rrs_library_id	biosample_accession	library_ID	title	library_strategy	library_source	library_selection	library_layout	platform	instrument_model	design_description	filetype	filename	filename2
DFS.001.Baseline	SAMN19715389	DFS.001.Baseline	16S rRNA taxonomic marker gene survey of human stool	AMPLICON	METAGENOMIC	PCR	paired	ILLUMINA	NextSeq 500	16S rRNA gene V4 region amplified by F515 R806 primers and 150PE sequenced	fastq	DFS.001.Baseline_R1.fastq	DFS.001.Baseline_R2.fastq
DFS.001.E1	SAMN19715335	DFS.001.E1	16S rRNA taxonomic marker gene survey of human stool	AMPLICON	METAGENOMIC	PCR	paired	ILLUMINA	NextSeq 500	16S rRNA gene V4 region amplified by F515 R806 primers and 150PE sequenced	fastq	DFS.001.E1_R1.fastq	DFS.001.E1_R2.fastq
DFS.001.E2	SAMN19715336	DFS.001.E2	16S rRNA taxonomic marker gene survey of human stool	AMPLICON	METAGENOMIC	PCR	paired	ILLUMINA	NextSeq 500	16S rRNA gene V4 region amplified by F515 R806 primers and 150PE sequenced	fastq	DFS.001.E2_R1.fastq	DFS.001.E2_R2.fastq
DFS.001.E3	SAMN19715337	DFS.001.E3	16S rRNA taxonomic marker gene survey of human stool	AMPLICON	METAGENOMIC	PCR	paired	ILLUMINA	NextSeq 500	16S rRNA gene V4 region amplified by F515 R806 primers and 150PE sequenced	fastq	DFS.001.E3_R1.fastq	DFS.001.E3_R2.fastq
DFS.001.E4	SAMN19715338	DFS.001.E4	16S rRNA taxonomic marker gene survey of human stool	AMPLICON	METAGENOMIC	PCR	paired	ILLUMINA	NextSeq 500	16S rRNA gene V4 region amplified by F515 R806 primers and 150PE sequenced	fastq	DFS.001.E4_R1.fastq	DFS.001.E4_R2.fastq
DFS.001.E5	SAMN19715339	DFS.001.E5	16S rRNA taxonomic marker gene survey of human stool	AMPLICON	METAGENOMIC	PCR	paired	ILLUMINA	NextSeq 500	16S rRNA gene V4 region amplified by F515 R806 primers and 150PE sequenced	fastq	DFS.001.E5_R1.fastq	DFS.001.E5_R2.fastq
DFS.001.FMTi	SAMN19715334	DFS.001.FMTi	16S rRNA taxonomic marker gene survey of human stool	AMPLICON	METAGENOMIC	PCR	paired	ILLUMINA	NextSeq 500	16S rRNA gene V4 region amplified by F515 R806 primers and 150PE sequenced	fastq	DFS.001.FMTi_R1.fastq	DFS.001.FMTi_R2.fastq
DFS.001.Post.1	SAMN19715393	DFS.001.Post.1	16S rRNA taxonomic marker gene survey of human stool	AMPLICON	METAGENOMIC	PCR	paired	ILLUMINA	NextSeq 500	16S rRNA gene V4 region amplified by F515 R806 primers and 150PE sequenced	fastq	DFS.001.Post.1_R1.fastq	DFS.001.Post.1_R2.fastq
DFS.001.Post.2	SAMN19715394	DFS.001.Post.2	16S rRNA taxonomic marker gene survey of human stool	AMPLICON	METAGENOMIC	PCR	paired	ILLUMINA	NextSeq 500	16S rRNA gene V4 region amplified by F515 R806 primers and 150PE sequenced	fastq	DFS.001.Post.2_R1.fastq	DFS.001.Post.2_R2.fastq
DFS.001.Post.3	SAMN19715397	DFS.001.Post.3	16S rRNA taxonomic marker gene survey of human stool	AMPLICON	METAGENOMIC	PCR	paired	ILLUMINA	NextSeq 500	16S rRNA gene V4 region amplified by F515 R806 primers and 150PE sequenced	fastq	DFS.001.Post.3_R1.fastq	DFS.001.Post.3_R2.fastq
DFS.001.Post.4	SAMN19715400	DFS.001.Post.4	16S rRNA taxonomic marker gene survey of human stool	AMPLICON	METAGENOMIC	PCR	paired	ILLUMINA	NextSeq 500	16S rRNA gene V4 region amplified by F515 R806 primers and 150PE sequenced	fastq	DFS.001.Post.4_R1.fastq	DFS.001.Post.4_R2.fastq
DFS.001.Post.5	SAMN19715403	DFS.001.Post.5	16S rRNA taxonomic marker gene survey of human stool	AMPLICON	METAGENOMIC	PCR	paired	ILLUMINA	NextSeq 500	16S rRNA gene V4 region amplified by F515 R806 primers and 150PE sequenced	fastq	DFS.001.Post.5_R1.fastq	DFS.001.Post.5_R2.fastq
DFS.001.Post.6	SAMN19715406	DFS.001.Post.6	16S rRNA taxonomic marker gene survey of human stool	AMPLICON	METAGENOMIC	PCR	paired	ILLUMINA	NextSeq 500	16S rRNA gene V4 region amplified by F515 R806 primers and 150PE sequenced	fastq	DFS.001.Post.6_R1.fastq	DFS.001.Post.6_R2.fastq
DFS.001.Post.7	SAMN19715409	DFS.001.Post.7	16S rRNA taxonomic marker gene survey of human stool	AMPLICON	METAGENOMIC	PCR	paired	ILLUMINA	NextSeq 500	16S rRNA gene V4 region amplified by F515 R806 primers and 150PE sequenced	fastq	DFS.001.Post.7_R1.fastq	DFS.001.Post.7_R2.fastq
DFS.001.Post.8	SAMN19715427	DFS.001.Post.8	16S rRNA taxonomic marker gene survey of human stool	AMPLICON	METAGENOMIC	PCR	paired	ILLUMINA	NextSeq 500	16S rRNA gene V4 region amplified by F515 R806 primers and 150PE sequenced	fastq	DFS.001.Post.8_R1.fastq	DFS.001.Post.8_R2.fastq
DFS.001.Post.9	SAMN19715448	DFS.001.Post.9	16S rRNA taxonomic marker gene survey of human stool	AMPLICON	METAGENOMIC	PCR	paired	ILLUMINA	NextSeq 500	16S rRNA gene V4 region amplified by F515 R806 primers and 150PE sequenced	fastq	DFS.001.Post.9_R1.fastq	DFS.001.Post.9_R2.fastq
DFS.004.Baseline	SAMN19715387	DFS.004.Baseline	16S rRNA taxonomic marker gene survey of human stool	AMPLICON	METAGENOMIC	PCR	paired	ILLUMINA	NextSeq 500	16S rRNA gene V4 region amplified by F515 R806 primers and 150PE sequenced	fastq	DFS.004.Baseline_R1.fastq	DFS.004.Baseline_R2.fastq
DFS.004.E1	SAMN19715341	DFS.004.E1	16S rRNA taxonomic marker gene survey of human stool	AMPLICON	METAGENOMIC	PCR	paired	ILLUMINA	NextSeq 500	16S rRNA gene V4 region amplified by F515 R806 primers and 150PE sequenced	fastq	DFS.004.E1_R1.fastq	DFS.004.E1_R2.fastq
DFS.004.E2	SAMN19715342	DFS.004.E2	16S rRNA taxonomic marker gene survey of human stool	AMPLICON	METAGENOMIC	PCR	paired	ILLUMINA	NextSeq 500	16S rRNA gene V4 region amplified by F515 R806 primers and 150PE sequenced	fastq	DFS.004.E2_R1.fastq	DFS.004.E2_R2.fastq
DFS.004.E3	SAMN19715343	DFS.004.E3	16S rRNA taxonomic marker gene survey of human stool	AMPLICON	METAGENOMIC	PCR	paired	ILLUMINA	NextSeq 500	16S rRNA gene V4 region amplified by F515 R806 primers and 150PE sequenced	fastq	DFS.004.E3_R1.fastq	DFS.004.E3_R2.fastq
DFS.004.E4	SAMN19715344	DFS.004.E4	16S rRNA taxonomic marker gene survey of human stool	AMPLICON	METAGENOMIC	PCR	paired	ILLUMINA	NextSeq 500	16S rRNA gene V4 region amplified by F515 R806 primers and 150PE sequenced	fastq	DFS.004.E4_R1.fastq	DFS.004.E4_R2.fastq
DFS.004.E5	SAMN19715345	DFS.004.E5	16S rRNA taxonomic marker gene survey of human stool	AMPLICON	METAGENOMIC	PCR	paired	ILLUMINA	NextSeq 500	16S rRNA gene V4 region amplified by F515 R806 primers and 150PE sequenced	fastq	DFS.004.E5_R1.fastq	DFS.004.E5_R2.fastq
DFS.004.E6	SAMN19715346	DFS.004.E6	16S rRNA taxonomic marker gene survey of human stool	AMPLICON	METAGENOMIC	PCR	paired	ILLUMINA	NextSeq 500	16S rRNA gene V4 region amplified by F515 R806 primers and 150PE sequenced	fastq	DFS.004.E6_R1.fastq	DFS.004.E6_R2.fastq
DFS.004.FMTi	SAMN19715340	DFS.004.FMTi	16S rRNA taxonomic marker gene survey of human stool	AMPLICON	METAGENOMIC	PCR	paired	ILLUMINA	NextSeq 500	16S rRNA gene V4 region amplified by F515 R806 primers and 150PE sequenced	fastq	DFS.004.FMTi_R1.fastq	DFS.004.FMTi_R2.fastq
DFS.004.Post.1	SAMN19715390	DFS.004.Post.1	16S rRNA taxonomic marker gene survey of human stool	AMPLICON	METAGENOMIC	PCR	paired	ILLUMINA	NextSeq 500	16S rRNA gene V4 region amplified by F515 R806 primers and 150PE sequenced	fastq	DFS.004.Post.1_R1.fastq	DFS.004.Post.1_R2.fastq
DFS.004.Post.2	SAMN19715391	DFS.004.Post.2	16S rRNA taxonomic marker gene survey of human stool	AMPLICON	METAGENOMIC	PCR	paired	ILLUMINA	NextSeq 500	16S rRNA gene V4 region amplified by F515 R806 primers and 150PE sequenced	fastq	DFS.004.Post.2_R1.fastq	DFS.004.Post.2_R2.fastq
DFS.004.Post.3	SAMN19715392	DFS.004.Post.3	16S rRNA taxonomic marker gene survey of human stool	AMPLICON	METAGENOMIC	PCR	paired	ILLUMINA	NextSeq 500	16S rRNA gene V4 region amplified by F515 R806 primers and 150PE sequenced	fastq	DFS.004.Post.3_R1.fastq	DFS.004.Post.3_R2.fastq
DFS.004.Post.4	SAMN19715395	DFS.004.Post.4	16S rRNA taxonomic marker gene survey of human stool	AMPLICON	METAGENOMIC	PCR	paired	ILLUMINA	NextSeq 500	16S rRNA gene V4 region amplified by F515 R806 primers and 150PE sequenced	fastq	DFS.004.Post.4_R1.fastq	DFS.004.Post.4_R2.fastq
DFS.004.Post.5	SAMN19715396	DFS.004.Post.5	16S rRNA taxonomic marker gene survey of human stool	AMPLICON	METAGENOMIC	PCR	paired	ILLUMINA	NextSeq 500	16S rRNA gene V4 region amplified by F515 R806 primers and 150PE sequenced	fastq	DFS.004.Post.5_R1.fastq	DFS.004.Post.5_R2.fastq
DFS.004.Post.6	SAMN19715399	DFS.004.Post.6	16S rRNA taxonomic marker gene survey of human stool	AMPLICON	METAGENOMIC	PCR	paired	ILLUMINA	NextSeq 500	16S rRNA gene V4 region amplified by F515 R806 primers and 150PE sequenced	fastq	DFS.004.Post.6_R1.fastq	DFS.004.Post.6_R2.fastq
DFS.004.Post.7	SAMN19715402	DFS.004.Post.7	16S rRNA taxonomic marker gene survey of human stool	AMPLICON	METAGENOMIC	PCR	paired	ILLUMINA	NextSeq 500	16S rRNA gene V4 region amplified by F515 R806 primers and 150PE sequenced	fastq	DFS.004.Post.7_R1.fastq	DFS.004.Post.7_R2.fastq
DFS.004.Post.8	SAMN19715422	DFS.004.Post.8	16S rRNA taxonomic marker gene survey of human stool	AMPLICON	METAGENOMIC	PCR	paired	ILLUMINA	NextSeq 500	16S rRNA gene V4 region amplified by F515 R806 primers and 150PE sequenced	fastq	DFS.004.Post.8_R1.fastq	DFS.004.Post.8_R2.fastq
DFS.004.Post.9	SAMN19715445	DFS.004.Post.9	16S rRNA taxonomic marker gene survey of human stool	AMPLICON	METAGENOMIC	PCR	paired	ILLUMINA	NextSeq 500	16S rRNA gene V4 region amplified by F515 R806 primers and 150PE sequenced	fastq	DFS.004.Post.9_R1.fastq	DFS.004.Post.9_R2.fastq
DFS.004.post.abx	SAMN19715388	DFS.004.post.abx	16S rRNA taxonomic marker gene survey of human stool	AMPLICON	METAGENOMIC	PCR	paired	ILLUMINA	NextSeq 500	16S rRNA gene V4 region amplified by F515 R806 primers and 150PE sequenced	fastq	DFS.004.post.abx_R1.fastq	DFS.004.post.abx_R2.fastq
DFS.007.Baseline	SAMN19715404	DFS.007.Baseline	16S rRNA taxonomic marker gene survey of human stool	AMPLICON	METAGENOMIC	PCR	paired	ILLUMINA	NextSeq 500	16S rRNA gene V4 region amplified by F515 R806 primers and 150PE sequenced	fastq	DFS.007.Baseline_R1.fastq	DFS.007.Baseline_R2.fastq
DFS.007.FMTi	SAMN19715381	DFS.007.FMTi	16S rRNA taxonomic marker gene survey of human stool	AMPLICON	METAGENOMIC	PCR	paired	ILLUMINA	NextSeq 500	16S rRNA gene V4 region amplified by F515 R806 primers and 150PE sequenced	fastq	DFS.007.FMTi_R1.fastq	DFS.007.FMTi_R2.fastq
DFS.007.Post.3	SAMN19715414	DFS.007.Post.3	16S rRNA taxonomic marker gene survey of human stool	AMPLICON	METAGENOMIC	PCR	paired	ILLUMINA	NextSeq 500	16S rRNA gene V4 region amplified by F515 R806 primers and 150PE sequenced	fastq	DFS.007.Post.3_R1.fastq	DFS.007.Post.3_R2.fastq
DFS.007.Post.4	SAMN19715416	DFS.007.Post.4	16S rRNA taxonomic marker gene survey of human stool	AMPLICON	METAGENOMIC	PCR	paired	ILLUMINA	NextSeq 500	16S rRNA gene V4 region amplified by F515 R806 primers and 150PE sequenced	fastq	DFS.007.Post.4_R1.fastq	DFS.007.Post.4_R2.fastq
DFS.007.Post.5	SAMN19715421	DFS.007.Post.5	16S rRNA taxonomic marker gene survey of human stool	AMPLICON	METAGENOMIC	PCR	paired	ILLUMINA	NextSeq 500	16S rRNA gene V4 region amplified by F515 R806 primers and 150PE sequenced	fastq	DFS.007.Post.5_R1.fastq	DFS.007.Post.5_R2.fastq
DFS.007.Post.6	SAMN19715423	DFS.007.Post.6	16S rRNA taxonomic marker gene survey of human stool	AMPLICON	METAGENOMIC	PCR	paired	ILLUMINA	NextSeq 500	16S rRNA gene V4 region amplified by F515 R806 primers and 150PE sequenced	fastq	DFS.007.Post.6_R1.fastq	DFS.007.Post.6_R2.fastq
DFS.007.Post.7	SAMN19715425	DFS.007.Post.7	16S rRNA taxonomic marker gene survey of human stool	AMPLICON	METAGENOMIC	PCR	paired	ILLUMINA	NextSeq 500	16S rRNA gene V4 region amplified by F515 R806 primers and 150PE sequenced	fastq	DFS.007.Post.7_R1.fastq	DFS.007.Post.7_R2.fastq
DFS.007.Post.8	SAMN19715440	DFS.007.Post.8	16S rRNA taxonomic marker gene survey of human stool	AMPLICON	METAGENOMIC	PCR	paired	ILLUMINA	NextSeq 500	16S rRNA gene V4 region amplified by F515 R806 primers and 150PE sequenced	fastq	DFS.007.Post.8_R1.fastq	DFS.007.Post.8_R2.fastq
DFS.007.Post.9	SAMN19715466	DFS.007.Post.9	16S rRNA taxonomic marker gene survey of human stool	AMPLICON	METAGENOMIC	PCR	paired	ILLUMINA	NextSeq 500	16S rRNA gene V4 region amplified by F515 R806 primers and 150PE sequenced	fastq	DFS.007.Post.9_R1.fastq	DFS.007.Post.9_R2.fastq
DFS.008.Baseline	SAMN19715420	DFS.008.Baseline	16S rRNA taxonomic marker gene survey of human stool	AMPLICON	METAGENOMIC	PCR	paired	ILLUMINA	NextSeq 500	16S rRNA gene V4 region amplified by F515 R806 primers and 150PE sequenced	fastq	DFS.008.Baseline_R1.fastq	DFS.008.Baseline_R2.fastq
DFS.008.FMTi	SAMN19715382	DFS.008.FMTi	16S rRNA taxonomic marker gene survey of human stool	AMPLICON	METAGENOMIC	PCR	paired	ILLUMINA	NextSeq 500	16S rRNA gene V4 region amplified by F515 R806 primers and 150PE sequenced	fastq	DFS.008.FMTi_R1.fastq	DFS.008.FMTi_R2.fastq
DFS.008.Post.2	SAMN19715426	DFS.008.Post.2	16S rRNA taxonomic marker gene survey of human stool	AMPLICON	METAGENOMIC	PCR	paired	ILLUMINA	NextSeq 500	16S rRNA gene V4 region amplified by F515 R806 primers and 150PE sequenced	fastq	DFS.008.Post.2_R1.fastq	DFS.008.Post.2_R2.fastq
DFS.008.Post.3	SAMN19715432	DFS.008.Post.3	16S rRNA taxonomic marker gene survey of human stool	AMPLICON	METAGENOMIC	PCR	paired	ILLUMINA	NextSeq 500	16S rRNA gene V4 region amplified by F515 R806 primers and 150PE sequenced	fastq	DFS.008.Post.3_R1.fastq	DFS.008.Post.3_R2.fastq
DFS.008.Post.4	SAMN19715430	DFS.008.Post.4	16S rRNA taxonomic marker gene survey of human stool	AMPLICON	METAGENOMIC	PCR	paired	ILLUMINA	NextSeq 500	16S rRNA gene V4 region amplified by F515 R806 primers and 150PE sequenced	fastq	DFS.008.Post.4_R1.fastq	DFS.008.Post.4_R2.fastq
DFS.008.Post.5	SAMN19715433	DFS.008.Post.5	16S rRNA taxonomic marker gene survey of human stool	AMPLICON	METAGENOMIC	PCR	paired	ILLUMINA	NextSeq 500	16S rRNA gene V4 region amplified by F515 R806 primers and 150PE sequenced	fastq	DFS.008.Post.5_R1.fastq	DFS.008.Post.5_R2.fastq
DFS.008.Post.6	SAMN19715437	DFS.008.Post.6	16S rRNA taxonomic marker gene survey of human stool	AMPLICON	METAGENOMIC	PCR	paired	ILLUMINA	NextSeq 500	16S rRNA gene V4 region amplified by F515 R806 primers and 150PE sequenced	fastq	DFS.008.Post.6_R1.fastq	DFS.008.Post.6_R2.fastq
DFS.008.Post.7	SAMN19715441	DFS.008.Post.7	16S rRNA taxonomic marker gene survey of human stool	AMPLICON	METAGENOMIC	PCR	paired	ILLUMINA	NextSeq 500	16S rRNA gene V4 region amplified by F515 R806 primers and 150PE sequenced	fastq	DFS.008.Post.7_R1.fastq	DFS.008.Post.7_R2.fastq
DFS.008.Post.8	SAMN19715460	DFS.008.Post.8	16S rRNA taxonomic marker gene survey of human stool	AMPLICON	METAGENOMIC	PCR	paired	ILLUMINA	NextSeq 500	16S rRNA gene V4 region amplified by F515 R806 primers and 150PE sequenced	fastq	DFS.008.Post.8_R1.fastq	DFS.008.Post.8_R2.fastq
DFS.008.Post.9	SAMN19715490	DFS.008.Post.9	16S rRNA taxonomic marker gene survey of human stool	AMPLICON	METAGENOMIC	PCR	paired	ILLUMINA	NextSeq 500	16S rRNA gene V4 region amplified by F515 R806 primers and 150PE sequenced	fastq	DFS.008.Post.9_R1.fastq	DFS.008.Post.9_R2.fastq
DFS.013.Baseline	SAMN19715398	DFS.013.Baseline	16S rRNA taxonomic marker gene survey of human stool	AMPLICON	METAGENOMIC	PCR	paired	ILLUMINA	NextSeq 500	16S rRNA gene V4 region amplified by F515 R806 primers and 150PE sequenced	fastq	DFS.013.Baseline_R1.fastq	DFS.013.Baseline_R2.fastq
DFS.013.E1	SAMN19715348	DFS.013.E1	16S rRNA taxonomic marker gene survey of human stool	AMPLICON	METAGENOMIC	PCR	paired	ILLUMINA	NextSeq 500	16S rRNA gene V4 region amplified by F515 R806 primers and 150PE sequenced	fastq	DFS.013.E1_R1.fastq	DFS.013.E1_R2.fastq
DFS.013.E5	SAMN19715349	DFS.013.E5	16S rRNA taxonomic marker gene survey of human stool	AMPLICON	METAGENOMIC	PCR	paired	ILLUMINA	NextSeq 500	16S rRNA gene V4 region amplified by F515 R806 primers and 150PE sequenced	fastq	DFS.013.E5_R1.fastq	DFS.013.E5_R2.fastq
DFS.013.E6	SAMN19715350	DFS.013.E6	16S rRNA taxonomic marker gene survey of human stool	AMPLICON	METAGENOMIC	PCR	paired	ILLUMINA	NextSeq 500	16S rRNA gene V4 region amplified by F515 R806 primers and 150PE sequenced	fastq	DFS.013.E6_R1.fastq	DFS.013.E6_R2.fastq
DFS.013.FMTi	SAMN19715347	DFS.013.FMTi	16S rRNA taxonomic marker gene survey of human stool	AMPLICON	METAGENOMIC	PCR	paired	ILLUMINA	NextSeq 500	16S rRNA gene V4 region amplified by F515 R806 primers and 150PE sequenced	fastq	DFS.013.FMTi_R1.fastq	DFS.013.FMTi_R2.fastq
DFS.013.Post.1	SAMN19715401	DFS.013.Post.1	16S rRNA taxonomic marker gene survey of human stool	AMPLICON	METAGENOMIC	PCR	paired	ILLUMINA	NextSeq 500	16S rRNA gene V4 region amplified by F515 R806 primers and 150PE sequenced	fastq	DFS.013.Post.1_R1.fastq	DFS.013.Post.1_R2.fastq
DFS.013.Post.2	SAMN19715407	DFS.013.Post.2	16S rRNA taxonomic marker gene survey of human stool	AMPLICON	METAGENOMIC	PCR	paired	ILLUMINA	NextSeq 500	16S rRNA gene V4 region amplified by F515 R806 primers and 150PE sequenced	fastq	DFS.013.Post.2_R1.fastq	DFS.013.Post.2_R2.fastq
DFS.013.Post.3	SAMN19715410	DFS.013.Post.3	16S rRNA taxonomic marker gene survey of human stool	AMPLICON	METAGENOMIC	PCR	paired	ILLUMINA	NextSeq 500	16S rRNA gene V4 region amplified by F515 R806 primers and 150PE sequenced	fastq	DFS.013.Post.3_R1.fastq	DFS.013.Post.3_R2.fastq
DFS.013.Post.4	SAMN19715412	DFS.013.Post.4	16S rRNA taxonomic marker gene survey of human stool	AMPLICON	METAGENOMIC	PCR	paired	ILLUMINA	NextSeq 500	16S rRNA gene V4 region amplified by F515 R806 primers and 150PE sequenced	fastq	DFS.013.Post.4_R1.fastq	DFS.013.Post.4_R2.fastq
DFS.013.Post.5	SAMN19715415	DFS.013.Post.5	16S rRNA taxonomic marker gene survey of human stool	AMPLICON	METAGENOMIC	PCR	paired	ILLUMINA	NextSeq 500	16S rRNA gene V4 region amplified by F515 R806 primers and 150PE sequenced	fastq	DFS.013.Post.5_R1.fastq	DFS.013.Post.5_R2.fastq
DFS.013.Post.6	SAMN19715418	DFS.013.Post.6	16S rRNA taxonomic marker gene survey of human stool	AMPLICON	METAGENOMIC	PCR	paired	ILLUMINA	NextSeq 500	16S rRNA gene V4 region amplified by F515 R806 primers and 150PE sequenced	fastq	DFS.013.Post.6_R1.fastq	DFS.013.Post.6_R2.fastq
DFS.013.Post.7	SAMN19715419	DFS.013.Post.7	16S rRNA taxonomic marker gene survey of human stool	AMPLICON	METAGENOMIC	PCR	paired	ILLUMINA	NextSeq 500	16S rRNA gene V4 region amplified by F515 R806 primers and 150PE sequenced	fastq	DFS.013.Post.7_R1.fastq	DFS.013.Post.7_R2.fastq
DFS.013.Post.8	SAMN19715431	DFS.013.Post.8	16S rRNA taxonomic marker gene survey of human stool	AMPLICON	METAGENOMIC	PCR	paired	ILLUMINA	NextSeq 500	16S rRNA gene V4 region amplified by F515 R806 primers and 150PE sequenced	fastq	DFS.013.Post.8_R1.fastq	DFS.013.Post.8_R2.fastq
DFS.013.Post.9	SAMN19715462	DFS.013.Post.9	16S rRNA taxonomic marker gene survey of human stool	AMPLICON	METAGENOMIC	PCR	paired	ILLUMINA	NextSeq 500	16S rRNA gene V4 region amplified by F515 R806 primers and 150PE sequenced	fastq	DFS.013.Post.9_R1.fastq	DFS.013.Post.9_R2.fastq
DFS.017.Baseline	SAMN19715405	DFS.017.Baseline	16S rRNA taxonomic marker gene survey of human stool	AMPLICON	METAGENOMIC	PCR	paired	ILLUMINA	NextSeq 500	16S rRNA gene V4 region amplified by F515 R806 primers and 150PE sequenced	fastq	DFS.017.Baseline_R1.fastq	DFS.017.Baseline_R2.fastq
DFS.017.E2	SAMN19715352	DFS.017.E2	16S rRNA taxonomic marker gene survey of human stool	AMPLICON	METAGENOMIC	PCR	paired	ILLUMINA	NextSeq 500	16S rRNA gene V4 region amplified by F515 R806 primers and 150PE sequenced	fastq	DFS.017.E2_R1.fastq	DFS.017.E2_R2.fastq
DFS.017.E3	SAMN19715353	DFS.017.E3	16S rRNA taxonomic marker gene survey of human stool	AMPLICON	METAGENOMIC	PCR	paired	ILLUMINA	NextSeq 500	16S rRNA gene V4 region amplified by F515 R806 primers and 150PE sequenced	fastq	DFS.017.E3_R1.fastq	DFS.017.E3_R2.fastq
DFS.017.E4	SAMN19715354	DFS.017.E4	16S rRNA taxonomic marker gene survey of human stool	AMPLICON	METAGENOMIC	PCR	paired	ILLUMINA	NextSeq 500	16S rRNA gene V4 region amplified by F515 R806 primers and 150PE sequenced	fastq	DFS.017.E4_R1.fastq	DFS.017.E4_R2.fastq
DFS.017.FMTi	SAMN19715351	DFS.017.FMTi	16S rRNA taxonomic marker gene survey of human stool	AMPLICON	METAGENOMIC	PCR	paired	ILLUMINA	NextSeq 500	16S rRNA gene V4 region amplified by F515 R806 primers and 150PE sequenced	fastq	DFS.017.FMTi_R1.fastq	DFS.017.FMTi_R2.fastq
DFS.017.Post.1	SAMN19715408	DFS.017.Post.1	16S rRNA taxonomic marker gene survey of human stool	AMPLICON	METAGENOMIC	PCR	paired	ILLUMINA	NextSeq 500	16S rRNA gene V4 region amplified by F515 R806 primers and 150PE sequenced	fastq	DFS.017.Post.1_R1.fastq	DFS.017.Post.1_R2.fastq
DFS.017.Post.2	SAMN19715411	DFS.017.Post.2	16S rRNA taxonomic marker gene survey of human stool	AMPLICON	METAGENOMIC	PCR	paired	ILLUMINA	NextSeq 500	16S rRNA gene V4 region amplified by F515 R806 primers and 150PE sequenced	fastq	DFS.017.Post.2_R1.fastq	DFS.017.Post.2_R2.fastq
DFS.017.Post.3	SAMN19715413	DFS.017.Post.3	16S rRNA taxonomic marker gene survey of human stool	AMPLICON	METAGENOMIC	PCR	paired	ILLUMINA	NextSeq 500	16S rRNA gene V4 region amplified by F515 R806 primers and 150PE sequenced	fastq	DFS.017.Post.3_R1.fastq	DFS.017.Post.3_R2.fastq
DFS.017.Post.4	SAMN19715417	DFS.017.Post.4	16S rRNA taxonomic marker gene survey of human stool	AMPLICON	METAGENOMIC	PCR	paired	ILLUMINA	NextSeq 500	16S rRNA gene V4 region amplified by F515 R806 primers and 150PE sequenced	fastq	DFS.017.Post.4_R1.fastq	DFS.017.Post.4_R2.fastq
DFS.017.Post.8	SAMN19715386	DFS.017.Post.8	16S rRNA taxonomic marker gene survey of human stool	AMPLICON	METAGENOMIC	PCR	paired	ILLUMINA	NextSeq 500	16S rRNA gene V4 region amplified by F515 R806 primers and 150PE sequenced	fastq	DFS.017.Post.8_R1.fastq	DFS.017.Post.8_R2.fastq
DFS.021.Baseline	SAMN19715446	DFS.021.Baseline	16S rRNA taxonomic marker gene survey of human stool	AMPLICON	METAGENOMIC	PCR	paired	ILLUMINA	NextSeq 500	16S rRNA gene V4 region amplified by F515 R806 primers and 150PE sequenced	fastq	DFS.021.Baseline_R1.fastq	DFS.021.Baseline_R2.fastq
DFS.021.E1	SAMN19715356	DFS.021.E1	16S rRNA taxonomic marker gene survey of human stool	AMPLICON	METAGENOMIC	PCR	paired	ILLUMINA	NextSeq 500	16S rRNA gene V4 region amplified by F515 R806 primers and 150PE sequenced	fastq	DFS.021.E1_R1.fastq	DFS.021.E1_R2.fastq
DFS.021.E2	SAMN19715357	DFS.021.E2	16S rRNA taxonomic marker gene survey of human stool	AMPLICON	METAGENOMIC	PCR	paired	ILLUMINA	NextSeq 500	16S rRNA gene V4 region amplified by F515 R806 primers and 150PE sequenced	fastq	DFS.021.E2_R1.fastq	DFS.021.E2_R2.fastq
DFS.021.E3	SAMN19715358	DFS.021.E3	16S rRNA taxonomic marker gene survey of human stool	AMPLICON	METAGENOMIC	PCR	paired	ILLUMINA	NextSeq 500	16S rRNA gene V4 region amplified by F515 R806 primers and 150PE sequenced	fastq	DFS.021.E3_R1.fastq	DFS.021.E3_R2.fastq
DFS.021.E4	SAMN19715359	DFS.021.E4	16S rRNA taxonomic marker gene survey of human stool	AMPLICON	METAGENOMIC	PCR	paired	ILLUMINA	NextSeq 500	16S rRNA gene V4 region amplified by F515 R806 primers and 150PE sequenced	fastq	DFS.021.E4_R1.fastq	DFS.021.E4_R2.fastq
DFS.021.E5	SAMN19715360	DFS.021.E5	16S rRNA taxonomic marker gene survey of human stool	AMPLICON	METAGENOMIC	PCR	paired	ILLUMINA	NextSeq 500	16S rRNA gene V4 region amplified by F515 R806 primers and 150PE sequenced	fastq	DFS.021.E5_R1.fastq	DFS.021.E5_R2.fastq
DFS.021.FMTi	SAMN19715355	DFS.021.FMTi	16S rRNA taxonomic marker gene survey of human stool	AMPLICON	METAGENOMIC	PCR	paired	ILLUMINA	NextSeq 500	16S rRNA gene V4 region amplified by F515 R806 primers and 150PE sequenced	fastq	DFS.021.FMTi_R1.fastq	DFS.021.FMTi_R2.fastq
DFS.021.Post.1	SAMN19715450	DFS.021.Post.1	16S rRNA taxonomic marker gene survey of human stool	AMPLICON	METAGENOMIC	PCR	paired	ILLUMINA	NextSeq 500	16S rRNA gene V4 region amplified by F515 R806 primers and 150PE sequenced	fastq	DFS.021.Post.1_R1.fastq	DFS.021.Post.1_R2.fastq
DFS.021.Post.2	SAMN19715453	DFS.021.Post.2	16S rRNA taxonomic marker gene survey of human stool	AMPLICON	METAGENOMIC	PCR	paired	ILLUMINA	NextSeq 500	16S rRNA gene V4 region amplified by F515 R806 primers and 150PE sequenced	fastq	DFS.021.Post.2_R1.fastq	DFS.021.Post.2_R2.fastq
DFS.021.Post.3	SAMN19715455	DFS.021.Post.3	16S rRNA taxonomic marker gene survey of human stool	AMPLICON	METAGENOMIC	PCR	paired	ILLUMINA	NextSeq 500	16S rRNA gene V4 region amplified by F515 R806 primers and 150PE sequenced	fastq	DFS.021.Post.3_R1.fastq	DFS.021.Post.3_R2.fastq
DFS.021.Post.4	SAMN19715457	DFS.021.Post.4	16S rRNA taxonomic marker gene survey of human stool	AMPLICON	METAGENOMIC	PCR	paired	ILLUMINA	NextSeq 500	16S rRNA gene V4 region amplified by F515 R806 primers and 150PE sequenced	fastq	DFS.021.Post.4_R1.fastq	DFS.021.Post.4_R2.fastq
DFS.021.Post.5	SAMN19715458	DFS.021.Post.5	16S rRNA taxonomic marker gene survey of human stool	AMPLICON	METAGENOMIC	PCR	paired	ILLUMINA	NextSeq 500	16S rRNA gene V4 region amplified by F515 R806 primers and 150PE sequenced	fastq	DFS.021.Post.5_R1.fastq	DFS.021.Post.5_R2.fastq
DFS.021.Post.7	SAMN19715459	DFS.021.Post.7	16S rRNA taxonomic marker gene survey of human stool	AMPLICON	METAGENOMIC	PCR	paired	ILLUMINA	NextSeq 500	16S rRNA gene V4 region amplified by F515 R806 primers and 150PE sequenced	fastq	DFS.021.Post.7_R1.fastq	DFS.021.Post.7_R2.fastq
DFS.021.Post.8	SAMN19715477	DFS.021.Post.8	16S rRNA taxonomic marker gene survey of human stool	AMPLICON	METAGENOMIC	PCR	paired	ILLUMINA	NextSeq 500	16S rRNA gene V4 region amplified by F515 R806 primers and 150PE sequenced	fastq	DFS.021.Post.8_R1.fastq	DFS.021.Post.8_R2.fastq
DFS.021.post.abx	SAMN19715447	DFS.021.post.abx	16S rRNA taxonomic marker gene survey of human stool	AMPLICON	METAGENOMIC	PCR	paired	ILLUMINA	NextSeq 500	16S rRNA gene V4 region amplified by F515 R806 primers and 150PE sequenced	fastq	DFS.021.post.abx_R1.fastq	DFS.021.post.abx_R2.fastq
DFS.024.Baseline	SAMN19715435	DFS.024.Baseline	16S rRNA taxonomic marker gene survey of human stool	AMPLICON	METAGENOMIC	PCR	paired	ILLUMINA	NextSeq 500	16S rRNA gene V4 region amplified by F515 R806 primers and 150PE sequenced	fastq	DFS.024.Baseline_R1.fastq	DFS.024.Baseline_R2.fastq
DFS.024.E1	SAMN19715362	DFS.024.E1	16S rRNA taxonomic marker gene survey of human stool	AMPLICON	METAGENOMIC	PCR	paired	ILLUMINA	NextSeq 500	16S rRNA gene V4 region amplified by F515 R806 primers and 150PE sequenced	fastq	DFS.024.E1_R1.fastq	DFS.024.E1_R2.fastq
DFS.024.E2	SAMN19715363	DFS.024.E2	16S rRNA taxonomic marker gene survey of human stool	AMPLICON	METAGENOMIC	PCR	paired	ILLUMINA	NextSeq 500	16S rRNA gene V4 region amplified by F515 R806 primers and 150PE sequenced	fastq	DFS.024.E2_R1.fastq	DFS.024.E2_R2.fastq
DFS.024.E3	SAMN19715364	DFS.024.E3	16S rRNA taxonomic marker gene survey of human stool	AMPLICON	METAGENOMIC	PCR	paired	ILLUMINA	NextSeq 500	16S rRNA gene V4 region amplified by F515 R806 primers and 150PE sequenced	fastq	DFS.024.E3_R1.fastq	DFS.024.E3_R2.fastq
DFS.024.E4	SAMN19715365	DFS.024.E4	16S rRNA taxonomic marker gene survey of human stool	AMPLICON	METAGENOMIC	PCR	paired	ILLUMINA	NextSeq 500	16S rRNA gene V4 region amplified by F515 R806 primers and 150PE sequenced	fastq	DFS.024.E4_R1.fastq	DFS.024.E4_R2.fastq
DFS.024.E4.2	SAMN19715366	DFS.024.E4.2	16S rRNA taxonomic marker gene survey of human stool	AMPLICON	METAGENOMIC	PCR	paired	ILLUMINA	NextSeq 500	16S rRNA gene V4 region amplified by F515 R806 primers and 150PE sequenced	fastq	DFS.024.E4.2_R1.fastq	DFS.024.E4.2_R2.fastq
DFS.024.E5	SAMN19715367	DFS.024.E5	16S rRNA taxonomic marker gene survey of human stool	AMPLICON	METAGENOMIC	PCR	paired	ILLUMINA	NextSeq 500	16S rRNA gene V4 region amplified by F515 R806 primers and 150PE sequenced	fastq	DFS.024.E5_R1.fastq	DFS.024.E5_R2.fastq
DFS.024.E6	SAMN19715368	DFS.024.E6	16S rRNA taxonomic marker gene survey of human stool	AMPLICON	METAGENOMIC	PCR	paired	ILLUMINA	NextSeq 500	16S rRNA gene V4 region amplified by F515 R806 primers and 150PE sequenced	fastq	DFS.024.E6_R1.fastq	DFS.024.E6_R2.fastq
DFS.024.FMTi	SAMN19715361	DFS.024.FMTi	16S rRNA taxonomic marker gene survey of human stool	AMPLICON	METAGENOMIC	PCR	paired	ILLUMINA	NextSeq 500	16S rRNA gene V4 region amplified by F515 R806 primers and 150PE sequenced	fastq	DFS.024.FMTi_R1.fastq	DFS.024.FMTi_R2.fastq
DFS.024.Post.1	SAMN19715438	DFS.024.Post.1	16S rRNA taxonomic marker gene survey of human stool	AMPLICON	METAGENOMIC	PCR	paired	ILLUMINA	NextSeq 500	16S rRNA gene V4 region amplified by F515 R806 primers and 150PE sequenced	fastq	DFS.024.Post.1_R1.fastq	DFS.024.Post.1_R2.fastq
DFS.024.Post.2	SAMN19715444	DFS.024.Post.2	16S rRNA taxonomic marker gene survey of human stool	AMPLICON	METAGENOMIC	PCR	paired	ILLUMINA	NextSeq 500	16S rRNA gene V4 region amplified by F515 R806 primers and 150PE sequenced	fastq	DFS.024.Post.2_R1.fastq	DFS.024.Post.2_R2.fastq
DFS.024.Post.3	SAMN19715451	DFS.024.Post.3	16S rRNA taxonomic marker gene survey of human stool	AMPLICON	METAGENOMIC	PCR	paired	ILLUMINA	NextSeq 500	16S rRNA gene V4 region amplified by F515 R806 primers and 150PE sequenced	fastq	DFS.024.Post.3_R1.fastq	DFS.024.Post.3_R2.fastq
DFS.024.Post.4	SAMN19715452	DFS.024.Post.4	16S rRNA taxonomic marker gene survey of human stool	AMPLICON	METAGENOMIC	PCR	paired	ILLUMINA	NextSeq 500	16S rRNA gene V4 region amplified by F515 R806 primers and 150PE sequenced	fastq	DFS.024.Post.4_R1.fastq	DFS.024.Post.4_R2.fastq
DFS.024.Post.5	SAMN19715454	DFS.024.Post.5	16S rRNA taxonomic marker gene survey of human stool	AMPLICON	METAGENOMIC	PCR	paired	ILLUMINA	NextSeq 500	16S rRNA gene V4 region amplified by F515 R806 primers and 150PE sequenced	fastq	DFS.024.Post.5_R1.fastq	DFS.024.Post.5_R2.fastq
DFS.024.Post.6	SAMN19715456	DFS.024.Post.6	16S rRNA taxonomic marker gene survey of human stool	AMPLICON	METAGENOMIC	PCR	paired	ILLUMINA	NextSeq 500	16S rRNA gene V4 region amplified by F515 R806 primers and 150PE sequenced	fastq	DFS.024.Post.6_R1.fastq	DFS.024.Post.6_R2.fastq
DFS.024.Post.7	SAMN19715461	DFS.024.Post.7	16S rRNA taxonomic marker gene survey of human stool	AMPLICON	METAGENOMIC	PCR	paired	ILLUMINA	NextSeq 500	16S rRNA gene V4 region amplified by F515 R806 primers and 150PE sequenced	fastq	DFS.024.Post.7_R1.fastq	DFS.024.Post.7_R2.fastq
DFS.024.Post.8	SAMN19715471	DFS.024.Post.8	16S rRNA taxonomic marker gene survey of human stool	AMPLICON	METAGENOMIC	PCR	paired	ILLUMINA	NextSeq 500	16S rRNA gene V4 region amplified by F515 R806 primers and 150PE sequenced	fastq	DFS.024.Post.8_R1.fastq	DFS.024.Post.8_R2.fastq
DFS.024.Post.9	SAMN19715494	DFS.024.Post.9	16S rRNA taxonomic marker gene survey of human stool	AMPLICON	METAGENOMIC	PCR	paired	ILLUMINA	NextSeq 500	16S rRNA gene V4 region amplified by F515 R806 primers and 150PE sequenced	fastq	DFS.024.Post.9_R1.fastq	DFS.024.Post.9_R2.fastq
DFS.024.post.abx	SAMN19715434	DFS.024.post.abx	16S rRNA taxonomic marker gene survey of human stool	AMPLICON	METAGENOMIC	PCR	paired	ILLUMINA	NextSeq 500	16S rRNA gene V4 region amplified by F515 R806 primers and 150PE sequenced	fastq	DFS.024.post.abx_R1.fastq	DFS.024.post.abx_R2.fastq
DFS.027.Baseline	SAMN19715463	DFS.027.Baseline	16S rRNA taxonomic marker gene survey of human stool	AMPLICON	METAGENOMIC	PCR	paired	ILLUMINA	NextSeq 500	16S rRNA gene V4 region amplified by F515 R806 primers and 150PE sequenced	fastq	DFS.027.Baseline_R1.fastq	DFS.027.Baseline_R2.fastq
DFS.027.FMTi	SAMN19715369	DFS.027.FMTi	16S rRNA taxonomic marker gene survey of human stool	AMPLICON	METAGENOMIC	PCR	paired	ILLUMINA	NextSeq 500	16S rRNA gene V4 region amplified by F515 R806 primers and 150PE sequenced	fastq	DFS.027.FMTi_R1.fastq	DFS.027.FMTi_R2.fastq
DFS.027.Post.2	SAMN19715465	DFS.027.Post.2	16S rRNA taxonomic marker gene survey of human stool	AMPLICON	METAGENOMIC	PCR	paired	ILLUMINA	NextSeq 500	16S rRNA gene V4 region amplified by F515 R806 primers and 150PE sequenced	fastq	DFS.027.Post.2_R1.fastq	DFS.027.Post.2_R2.fastq
DFS.027.Post.3	SAMN19715467	DFS.027.Post.3	16S rRNA taxonomic marker gene survey of human stool	AMPLICON	METAGENOMIC	PCR	paired	ILLUMINA	NextSeq 500	16S rRNA gene V4 region amplified by F515 R806 primers and 150PE sequenced	fastq	DFS.027.Post.3_R1.fastq	DFS.027.Post.3_R2.fastq
DFS.027.Post.4	SAMN19715470	DFS.027.Post.4	16S rRNA taxonomic marker gene survey of human stool	AMPLICON	METAGENOMIC	PCR	paired	ILLUMINA	NextSeq 500	16S rRNA gene V4 region amplified by F515 R806 primers and 150PE sequenced	fastq	DFS.027.Post.4_R1.fastq	DFS.027.Post.4_R2.fastq
DFS.027.Post.5	SAMN19715473	DFS.027.Post.5	16S rRNA taxonomic marker gene survey of human stool	AMPLICON	METAGENOMIC	PCR	paired	ILLUMINA	NextSeq 500	16S rRNA gene V4 region amplified by F515 R806 primers and 150PE sequenced	fastq	DFS.027.Post.5_R1.fastq	DFS.027.Post.5_R2.fastq
DFS.027.Post.6	SAMN19715475	DFS.027.Post.6	16S rRNA taxonomic marker gene survey of human stool	AMPLICON	METAGENOMIC	PCR	paired	ILLUMINA	NextSeq 500	16S rRNA gene V4 region amplified by F515 R806 primers and 150PE sequenced	fastq	DFS.027.Post.6_R1.fastq	DFS.027.Post.6_R2.fastq
DFS.027.Post.7	SAMN19715480	DFS.027.Post.7	16S rRNA taxonomic marker gene survey of human stool	AMPLICON	METAGENOMIC	PCR	paired	ILLUMINA	NextSeq 500	16S rRNA gene V4 region amplified by F515 R806 primers and 150PE sequenced	fastq	DFS.027.Post.7_R1.fastq	DFS.027.Post.7_R2.fastq
DFS.027.Post.8	SAMN19715495	DFS.027.Post.8	16S rRNA taxonomic marker gene survey of human stool	AMPLICON	METAGENOMIC	PCR	paired	ILLUMINA	NextSeq 500	16S rRNA gene V4 region amplified by F515 R806 primers and 150PE sequenced	fastq	DFS.027.Post.8_R1.fastq	DFS.027.Post.8_R2.fastq
DFS.027.Post.9	SAMN19715501	DFS.027.Post.9	16S rRNA taxonomic marker gene survey of human stool	AMPLICON	METAGENOMIC	PCR	paired	ILLUMINA	NextSeq 500	16S rRNA gene V4 region amplified by F515 R806 primers and 150PE sequenced	fastq	DFS.027.Post.9_R1.fastq	DFS.027.Post.9_R2.fastq
DFS.027.post.abx	SAMN19715464	DFS.027.post.abx	16S rRNA taxonomic marker gene survey of human stool	AMPLICON	METAGENOMIC	PCR	paired	ILLUMINA	NextSeq 500	16S rRNA gene V4 region amplified by F515 R806 primers and 150PE sequenced	fastq	DFS.027.post.abx_R1.fastq	DFS.027.post.abx_R2.fastq
DFS.029.Baseline	SAMN19715436	DFS.029.Baseline	16S rRNA taxonomic marker gene survey of human stool	AMPLICON	METAGENOMIC	PCR	paired	ILLUMINA	NextSeq 500	16S rRNA gene V4 region amplified by F515 R806 primers and 150PE sequenced	fastq	DFS.029.Baseline_R1.fastq	DFS.029.Baseline_R2.fastq
DFS.029.E1	SAMN19715371	DFS.029.E1	16S rRNA taxonomic marker gene survey of human stool	AMPLICON	METAGENOMIC	PCR	paired	ILLUMINA	NextSeq 500	16S rRNA gene V4 region amplified by F515 R806 primers and 150PE sequenced	fastq	DFS.029.E1_R1.fastq	DFS.029.E1_R2.fastq
DFS.029.E2	SAMN19715372	DFS.029.E2	16S rRNA taxonomic marker gene survey of human stool	AMPLICON	METAGENOMIC	PCR	paired	ILLUMINA	NextSeq 500	16S rRNA gene V4 region amplified by F515 R806 primers and 150PE sequenced	fastq	DFS.029.E2_R1.fastq	DFS.029.E2_R2.fastq
DFS.029.E3	SAMN19715373	DFS.029.E3	16S rRNA taxonomic marker gene survey of human stool	AMPLICON	METAGENOMIC	PCR	paired	ILLUMINA	NextSeq 500	16S rRNA gene V4 region amplified by F515 R806 primers and 150PE sequenced	fastq	DFS.029.E3_R1.fastq	DFS.029.E3_R2.fastq
DFS.029.E4	SAMN19715374	DFS.029.E4	16S rRNA taxonomic marker gene survey of human stool	AMPLICON	METAGENOMIC	PCR	paired	ILLUMINA	NextSeq 500	16S rRNA gene V4 region amplified by F515 R806 primers and 150PE sequenced	fastq	DFS.029.E4_R1.fastq	DFS.029.E4_R2.fastq
DFS.029.E5	SAMN19715375	DFS.029.E5	16S rRNA taxonomic marker gene survey of human stool	AMPLICON	METAGENOMIC	PCR	paired	ILLUMINA	NextSeq 500	16S rRNA gene V4 region amplified by F515 R806 primers and 150PE sequenced	fastq	DFS.029.E5_R1.fastq	DFS.029.E5_R2.fastq
DFS.029.FMTi	SAMN19715370	DFS.029.FMTi	16S rRNA taxonomic marker gene survey of human stool	AMPLICON	METAGENOMIC	PCR	paired	ILLUMINA	NextSeq 500	16S rRNA gene V4 region amplified by F515 R806 primers and 150PE sequenced	fastq	DFS.029.FMTi_R1.fastq	DFS.029.FMTi_R2.fastq
DFS.029.Post.1	SAMN19715442	DFS.029.Post.1	16S rRNA taxonomic marker gene survey of human stool	AMPLICON	METAGENOMIC	PCR	paired	ILLUMINA	NextSeq 500	16S rRNA gene V4 region amplified by F515 R806 primers and 150PE sequenced	fastq	DFS.029.Post.1_R1.fastq	DFS.029.Post.1_R2.fastq
DFS.029.Post.2	SAMN19715443	DFS.029.Post.2	16S rRNA taxonomic marker gene survey of human stool	AMPLICON	METAGENOMIC	PCR	paired	ILLUMINA	NextSeq 500	16S rRNA gene V4 region amplified by F515 R806 primers and 150PE sequenced	fastq	DFS.029.Post.2_R1.fastq	DFS.029.Post.2_R2.fastq
DFS.029.Post.4	SAMN19715449	DFS.029.Post.4	16S rRNA taxonomic marker gene survey of human stool	AMPLICON	METAGENOMIC	PCR	paired	ILLUMINA	NextSeq 500	16S rRNA gene V4 region amplified by F515 R806 primers and 150PE sequenced	fastq	DFS.029.Post.4_R1.fastq	DFS.029.Post.4_R2.fastq
DFS.029.Post.8	SAMN19715478	DFS.029.Post.8	16S rRNA taxonomic marker gene survey of human stool	AMPLICON	METAGENOMIC	PCR	paired	ILLUMINA	NextSeq 500	16S rRNA gene V4 region amplified by F515 R806 primers and 150PE sequenced	fastq	DFS.029.Post.8_R1.fastq	DFS.029.Post.8_R2.fastq
DFS.031.Baseline	SAMN20172480	DFS.031.Baseline	16S rRNA taxonomic marker gene survey of human stool	AMPLICON	METAGENOMIC	PCR	paired	ILLUMINA	NextSeq 500	16S rRNA gene V4 region amplified by F515 R806 primers and 150PE sequenced	fastq	DFS.031.Baseline_R1.fastq	DFS.031.Baseline_R2.fastq
DFS.031.Cap3	SAMN19715384	DFS.031.Cap3	16S rRNA taxonomic marker gene survey of human stool	AMPLICON	METAGENOMIC	PCR	paired	ILLUMINA	NextSeq 500	16S rRNA gene V4 region amplified by F515 R806 primers and 150PE sequenced	fastq	DFS.031.Cap3_R1.fastq	DFS.031.Cap3_R2.fastq
DFS.031.Cap3.2	SAMN19715384	DFS.031.Cap3.2	16S rRNA taxonomic marker gene survey of human stool	AMPLICON	METAGENOMIC	PCR	paired	ILLUMINA	NextSeq 500	16S rRNA gene V4 region amplified by F515 R806 primers and 150PE sequenced	fastq	DFS.031.Cap3.2_R1.fastq	DFS.031.Cap3.2_R2.fastq
DFS.031.FMTi	SAMN19715383	DFS.031.FMTi	16S rRNA taxonomic marker gene survey of human stool	AMPLICON	METAGENOMIC	PCR	paired	ILLUMINA	NextSeq 500	16S rRNA gene V4 region amplified by F515 R806 primers and 150PE sequenced	fastq	DFS.031.FMTi_R1.fastq	DFS.031.FMTi_R2.fastq
DFS.031.Post.1	SAMN19715424	DFS.031.Post.1	16S rRNA taxonomic marker gene survey of human stool	AMPLICON	METAGENOMIC	PCR	paired	ILLUMINA	NextSeq 500	16S rRNA gene V4 region amplified by F515 R806 primers and 150PE sequenced	fastq	DFS.031.Post.1_R1.fastq	DFS.031.Post.1_R2.fastq
DFS.031.Post.2	SAMN19715428	DFS.031.Post.2	16S rRNA taxonomic marker gene survey of human stool	AMPLICON	METAGENOMIC	PCR	paired	ILLUMINA	NextSeq 500	16S rRNA gene V4 region amplified by F515 R806 primers and 150PE sequenced	fastq	DFS.031.Post.2_R1.fastq	DFS.031.Post.2_R2.fastq
DFS.031.Post.3	SAMN19715429	DFS.031.Post.3	16S rRNA taxonomic marker gene survey of human stool	AMPLICON	METAGENOMIC	PCR	paired	ILLUMINA	NextSeq 500	16S rRNA gene V4 region amplified by F515 R806 primers and 150PE sequenced	fastq	DFS.031.Post.3_R1.fastq	DFS.031.Post.3_R2.fastq
DFS.031.Post.7	SAMN19715439	DFS.031.Post.7	16S rRNA taxonomic marker gene survey of human stool	AMPLICON	METAGENOMIC	PCR	paired	ILLUMINA	NextSeq 500	16S rRNA gene V4 region amplified by F515 R806 primers and 150PE sequenced	fastq	DFS.031.Post.7_R1.fastq	DFS.031.Post.7_R2.fastq
DFS.037.Baseline	SAMN19715468	DFS.037.Baseline	16S rRNA taxonomic marker gene survey of human stool	AMPLICON	METAGENOMIC	PCR	paired	ILLUMINA	NextSeq 500	16S rRNA gene V4 region amplified by F515 R806 primers and 150PE sequenced	fastq	DFS.037.Baseline_R1.fastq	DFS.037.Baseline_R2.fastq
DFS.037.FMTi	SAMN19715385	DFS.037.FMTi	16S rRNA taxonomic marker gene survey of human stool	AMPLICON	METAGENOMIC	PCR	paired	ILLUMINA	NextSeq 500	16S rRNA gene V4 region amplified by F515 R806 primers and 150PE sequenced	fastq	DFS.037.FMTi_R1.fastq	DFS.037.FMTi_R2.fastq
DFS.037.Post.1	SAMN19715476	DFS.037.Post.1	16S rRNA taxonomic marker gene survey of human stool	AMPLICON	METAGENOMIC	PCR	paired	ILLUMINA	NextSeq 500	16S rRNA gene V4 region amplified by F515 R806 primers and 150PE sequenced	fastq	DFS.037.Post.1_R1.fastq	DFS.037.Post.1_R2.fastq
DFS.037.Post.2	SAMN19715482	DFS.037.Post.2	16S rRNA taxonomic marker gene survey of human stool	AMPLICON	METAGENOMIC	PCR	paired	ILLUMINA	NextSeq 500	16S rRNA gene V4 region amplified by F515 R806 primers and 150PE sequenced	fastq	DFS.037.Post.2_R1.fastq	DFS.037.Post.2_R2.fastq
DFS.037.Post.3	SAMN19715483	DFS.037.Post.3	16S rRNA taxonomic marker gene survey of human stool	AMPLICON	METAGENOMIC	PCR	paired	ILLUMINA	NextSeq 500	16S rRNA gene V4 region amplified by F515 R806 primers and 150PE sequenced	fastq	DFS.037.Post.3_R1.fastq	DFS.037.Post.3_R2.fastq
DFS.037.Post.5	SAMN19715485	DFS.037.Post.5	16S rRNA taxonomic marker gene survey of human stool	AMPLICON	METAGENOMIC	PCR	paired	ILLUMINA	NextSeq 500	16S rRNA gene V4 region amplified by F515 R806 primers and 150PE sequenced	fastq	DFS.037.Post.5_R1.fastq	DFS.037.Post.5_R2.fastq
DFS.037.Post.7	SAMN19715492	DFS.037.Post.7	16S rRNA taxonomic marker gene survey of human stool	AMPLICON	METAGENOMIC	PCR	paired	ILLUMINA	NextSeq 500	16S rRNA gene V4 region amplified by F515 R806 primers and 150PE sequenced	fastq	DFS.037.Post.7_R1.fastq	DFS.037.Post.7_R2.fastq
DFS.037.post.abx	SAMN19715469	DFS.037.post.abx	16S rRNA taxonomic marker gene survey of human stool	AMPLICON	METAGENOMIC	PCR	paired	ILLUMINA	NextSeq 500	16S rRNA gene V4 region amplified by F515 R806 primers and 150PE sequenced	fastq	DFS.037.post.abx_R1.fastq	DFS.037.post.abx_R2.fastq
DFS.041.FMTi	SAMN19715324	DFS.041.FMTi	16S rRNA taxonomic marker gene survey of human stool	AMPLICON	METAGENOMIC	PCR	paired	ILLUMINA	NextSeq 500	16S rRNA gene V4 region amplified by F515 R806 primers and 150PE sequenced	fastq	DFS.041.FMTi_R1.fastq	DFS.041.FMTi_R2.fastq
DFS.041.Post.1	SAMN19715491	DFS.041.Post.1	16S rRNA taxonomic marker gene survey of human stool	AMPLICON	METAGENOMIC	PCR	paired	ILLUMINA	NextSeq 500	16S rRNA gene V4 region amplified by F515 R806 primers and 150PE sequenced	fastq	DFS.041.Post.1_R1.fastq	DFS.041.Post.1_R2.fastq
DFS.041.Post.2	SAMN19715493	DFS.041.Post.2	16S rRNA taxonomic marker gene survey of human stool	AMPLICON	METAGENOMIC	PCR	paired	ILLUMINA	NextSeq 500	16S rRNA gene V4 region amplified by F515 R806 primers and 150PE sequenced	fastq	DFS.041.Post.2_R1.fastq	DFS.041.Post.2_R2.fastq
DFS.041.Post.3	SAMN19715496	DFS.041.Post.3	16S rRNA taxonomic marker gene survey of human stool	AMPLICON	METAGENOMIC	PCR	paired	ILLUMINA	NextSeq 500	16S rRNA gene V4 region amplified by F515 R806 primers and 150PE sequenced	fastq	DFS.041.Post.3_R1.fastq	DFS.041.Post.3_R2.fastq
DFS.041.Post.4	SAMN19715497	DFS.041.Post.4	16S rRNA taxonomic marker gene survey of human stool	AMPLICON	METAGENOMIC	PCR	paired	ILLUMINA	NextSeq 500	16S rRNA gene V4 region amplified by F515 R806 primers and 150PE sequenced	fastq	DFS.041.Post.4_R1.fastq	DFS.041.Post.4_R2.fastq
DFS.041.Post.5	SAMN19715498	DFS.041.Post.5	16S rRNA taxonomic marker gene survey of human stool	AMPLICON	METAGENOMIC	PCR	paired	ILLUMINA	NextSeq 500	16S rRNA gene V4 region amplified by F515 R806 primers and 150PE sequenced	fastq	DFS.041.Post.5_R1.fastq	DFS.041.Post.5_R2.fastq
DFS.041.Post.6	SAMN19715499	DFS.041.Post.6	16S rRNA taxonomic marker gene survey of human stool	AMPLICON	METAGENOMIC	PCR	paired	ILLUMINA	NextSeq 500	16S rRNA gene V4 region amplified by F515 R806 primers and 150PE sequenced	fastq	DFS.041.Post.6_R1.fastq	DFS.041.Post.6_R2.fastq
DFS.041.Post.7	SAMN19715500	DFS.041.Post.7	16S rRNA taxonomic marker gene survey of human stool	AMPLICON	METAGENOMIC	PCR	paired	ILLUMINA	NextSeq 500	16S rRNA gene V4 region amplified by F515 R806 primers and 150PE sequenced	fastq	DFS.041.Post.7_R1.fastq	DFS.041.Post.7_R2.fastq
DFS.041.Post.8	SAMN19715502	DFS.041.Post.8	16S rRNA taxonomic marker gene survey of human stool	AMPLICON	METAGENOMIC	PCR	paired	ILLUMINA	NextSeq 500	16S rRNA gene V4 region amplified by F515 R806 primers and 150PE sequenced	fastq	DFS.041.Post.8_R1.fastq	DFS.041.Post.8_R2.fastq
DFS.043.Baseline	SAMN19715472	DFS.043.Baseline	16S rRNA taxonomic marker gene survey of human stool	AMPLICON	METAGENOMIC	PCR	paired	ILLUMINA	NextSeq 500	16S rRNA gene V4 region amplified by F515 R806 primers and 150PE sequenced	fastq	DFS.043.Baseline_R1.fastq	DFS.043.Baseline_R2.fastq
DFS.043.E1	SAMN19715377	DFS.043.E1	16S rRNA taxonomic marker gene survey of human stool	AMPLICON	METAGENOMIC	PCR	paired	ILLUMINA	NextSeq 500	16S rRNA gene V4 region amplified by F515 R806 primers and 150PE sequenced	fastq	DFS.043.E1_R1.fastq	DFS.043.E1_R2.fastq
DFS.043.E2	SAMN19715323	DFS.043.E2	16S rRNA taxonomic marker gene survey of human stool	AMPLICON	METAGENOMIC	PCR	paired	ILLUMINA	NextSeq 500	16S rRNA gene V4 region amplified by F515 R806 primers and 150PE sequenced	fastq	DFS.043.E2_R1.fastq	DFS.043.E2_R2.fastq
DFS.043.E3	SAMN19715378	DFS.043.E3	16S rRNA taxonomic marker gene survey of human stool	AMPLICON	METAGENOMIC	PCR	paired	ILLUMINA	NextSeq 500	16S rRNA gene V4 region amplified by F515 R806 primers and 150PE sequenced	fastq	DFS.043.E3_R1.fastq	DFS.043.E3_R2.fastq
DFS.043.E4	SAMN19715379	DFS.043.E4	16S rRNA taxonomic marker gene survey of human stool	AMPLICON	METAGENOMIC	PCR	paired	ILLUMINA	NextSeq 500	16S rRNA gene V4 region amplified by F515 R806 primers and 150PE sequenced	fastq	DFS.043.E4_R1.fastq	DFS.043.E4_R2.fastq
DFS.043.E5	SAMN19715380	DFS.043.E5	16S rRNA taxonomic marker gene survey of human stool	AMPLICON	METAGENOMIC	PCR	paired	ILLUMINA	NextSeq 500	16S rRNA gene V4 region amplified by F515 R806 primers and 150PE sequenced	fastq	DFS.043.E5_R1.fastq	DFS.043.E5_R2.fastq
DFS.043.FMTi	SAMN19715376	DFS.043.FMTi	16S rRNA taxonomic marker gene survey of human stool	AMPLICON	METAGENOMIC	PCR	paired	ILLUMINA	NextSeq 500	16S rRNA gene V4 region amplified by F515 R806 primers and 150PE sequenced	fastq	DFS.043.FMTi_R1.fastq	DFS.043.FMTi_R2.fastq
DFS.043.Post.1	SAMN19715479	DFS.043.Post.1	16S rRNA taxonomic marker gene survey of human stool	AMPLICON	METAGENOMIC	PCR	paired	ILLUMINA	NextSeq 500	16S rRNA gene V4 region amplified by F515 R806 primers and 150PE sequenced	fastq	DFS.043.Post.1_R1.fastq	DFS.043.Post.1_R2.fastq
DFS.043.Post.2	SAMN19715481	DFS.043.Post.2	16S rRNA taxonomic marker gene survey of human stool	AMPLICON	METAGENOMIC	PCR	paired	ILLUMINA	NextSeq 500	16S rRNA gene V4 region amplified by F515 R806 primers and 150PE sequenced	fastq	DFS.043.Post.2_R1.fastq	DFS.043.Post.2_R2.fastq
DFS.043.Post.2.1st	SAMN19715481	DFS.043.Post.2.1st	16S rRNA taxonomic marker gene survey of human stool	AMPLICON	METAGENOMIC	PCR	paired	ILLUMINA	NextSeq 500	16S rRNA gene V4 region amplified by F515 R806 primers and 150PE sequenced	fastq	DFS.043.Post.2.1st_R1.fastq	DFS.043.Post.2.1st_R2.fastq
DFS.043.Post.3	SAMN19715486	DFS.043.Post.3	16S rRNA taxonomic marker gene survey of human stool	AMPLICON	METAGENOMIC	PCR	paired	ILLUMINA	NextSeq 500	16S rRNA gene V4 region amplified by F515 R806 primers and 150PE sequenced	fastq	DFS.043.Post.3_R1.fastq	DFS.043.Post.3_R2.fastq
DFS.043.Post.4	SAMN19715484	DFS.043.Post.4	16S rRNA taxonomic marker gene survey of human stool	AMPLICON	METAGENOMIC	PCR	paired	ILLUMINA	NextSeq 500	16S rRNA gene V4 region amplified by F515 R806 primers and 150PE sequenced	fastq	DFS.043.Post.4_R1.fastq	DFS.043.Post.4_R2.fastq
DFS.043.Post.5	SAMN19715487	DFS.043.Post.5	16S rRNA taxonomic marker gene survey of human stool	AMPLICON	METAGENOMIC	PCR	paired	ILLUMINA	NextSeq 500	16S rRNA gene V4 region amplified by F515 R806 primers and 150PE sequenced	fastq	DFS.043.Post.5_R1.fastq	DFS.043.Post.5_R2.fastq
DFS.043.Post.6	SAMN19715489	DFS.043.Post.6	16S rRNA taxonomic marker gene survey of human stool	AMPLICON	METAGENOMIC	PCR	paired	ILLUMINA	NextSeq 500	16S rRNA gene V4 region amplified by F515 R806 primers and 150PE sequenced	fastq	DFS.043.Post.6_R1.fastq	DFS.043.Post.6_R2.fastq
DFS.043.post.abx	SAMN19715474	DFS.043.post.abx	16S rRNA taxonomic marker gene survey of human stool	AMPLICON	METAGENOMIC	PCR	paired	ILLUMINA	NextSeq 500	16S rRNA gene V4 region amplified by F515 R806 primers and 150PE sequenced	fastq	DFS.043.post.abx_R1.fastq	DFS.043.post.abx_R2.fastq
DFS.047.Baseline	SAMN19715504	DFS.047.Baseline	16S rRNA taxonomic marker gene survey of human stool	AMPLICON	METAGENOMIC	PCR	paired	ILLUMINA	NextSeq 500	16S rRNA gene V4 region amplified by F515 R806 primers and 150PE sequenced	fastq	DFS.047.Baseline_R1.fastq	DFS.047.Baseline_R2.fastq
DFS.047.FMTi	SAMN19715326	DFS.047.FMTi	16S rRNA taxonomic marker gene survey of human stool	AMPLICON	METAGENOMIC	PCR	paired	ILLUMINA	NextSeq 500	16S rRNA gene V4 region amplified by F515 R806 primers and 150PE sequenced	fastq	DFS.047.FMTi_R1.fastq	DFS.047.FMTi_R2.fastq
DFS.047.Post.1	SAMN19715509	DFS.047.Post.1	16S rRNA taxonomic marker gene survey of human stool	AMPLICON	METAGENOMIC	PCR	paired	ILLUMINA	NextSeq 500	16S rRNA gene V4 region amplified by F515 R806 primers and 150PE sequenced	fastq	DFS.047.Post.1_R1.fastq	DFS.047.Post.1_R2.fastq
DFS.047.Post.3	SAMN19715516	DFS.047.Post.3	16S rRNA taxonomic marker gene survey of human stool	AMPLICON	METAGENOMIC	PCR	paired	ILLUMINA	NextSeq 500	16S rRNA gene V4 region amplified by F515 R806 primers and 150PE sequenced	fastq	DFS.047.Post.3_R1.fastq	DFS.047.Post.3_R2.fastq
DFS.047.Post.4	SAMN19715513	DFS.047.Post.4	16S rRNA taxonomic marker gene survey of human stool	AMPLICON	METAGENOMIC	PCR	paired	ILLUMINA	NextSeq 500	16S rRNA gene V4 region amplified by F515 R806 primers and 150PE sequenced	fastq	DFS.047.Post.4_R1.fastq	DFS.047.Post.4_R2.fastq
DFS.047.Post.5	SAMN19715514	DFS.047.Post.5	16S rRNA taxonomic marker gene survey of human stool	AMPLICON	METAGENOMIC	PCR	paired	ILLUMINA	NextSeq 500	16S rRNA gene V4 region amplified by F515 R806 primers and 150PE sequenced	fastq	DFS.047.Post.5_R1.fastq	DFS.047.Post.5_R2.fastq
DFS.047.Post.8	SAMN19715519	DFS.047.Post.8	16S rRNA taxonomic marker gene survey of human stool	AMPLICON	METAGENOMIC	PCR	paired	ILLUMINA	NextSeq 500	16S rRNA gene V4 region amplified by F515 R806 primers and 150PE sequenced	fastq	DFS.047.Post.8_R1.fastq	DFS.047.Post.8_R2.fastq
DFS.047.Post.8.5	SAMN19715530	DFS.047.Post.8.5	16S rRNA taxonomic marker gene survey of human stool	AMPLICON	METAGENOMIC	PCR	paired	ILLUMINA	NextSeq 500	16S rRNA gene V4 region amplified by F515 R806 primers and 150PE sequenced	fastq	DFS.047.Post.8.5_R1.fastq	DFS.047.Post.8.5_R2.fastq
DFS.047.post.abx	SAMN19715505	DFS.047.post.abx	16S rRNA taxonomic marker gene survey of human stool	AMPLICON	METAGENOMIC	PCR	paired	ILLUMINA	NextSeq 500	16S rRNA gene V4 region amplified by F515 R806 primers and 150PE sequenced	fastq	DFS.047.post.abx_R1.fastq	DFS.047.post.abx_R2.fastq
DFS.053.Baseline	SAMN19715503	DFS.053.Baseline	16S rRNA taxonomic marker gene survey of human stool	AMPLICON	METAGENOMIC	PCR	paired	ILLUMINA	NextSeq 500	16S rRNA gene V4 region amplified by F515 R806 primers and 150PE sequenced	fastq	DFS.053.Baseline_R1.fastq	DFS.053.Baseline_R2.fastq
DFS.053.FMTi	SAMN19715325	DFS.053.FMTi	16S rRNA taxonomic marker gene survey of human stool	AMPLICON	METAGENOMIC	PCR	paired	ILLUMINA	NextSeq 500	16S rRNA gene V4 region amplified by F515 R806 primers and 150PE sequenced	fastq	DFS.053.FMTi_R1.fastq	DFS.053.FMTi_R2.fastq
DFS.053.Post.1	SAMN19715507	DFS.053.Post.1	16S rRNA taxonomic marker gene survey of human stool	AMPLICON	METAGENOMIC	PCR	paired	ILLUMINA	NextSeq 500	16S rRNA gene V4 region amplified by F515 R806 primers and 150PE sequenced	fastq	DFS.053.Post.1_R1.fastq	DFS.053.Post.1_R2.fastq
DFS.053.Post.2	SAMN19715508	DFS.053.Post.2	16S rRNA taxonomic marker gene survey of human stool	AMPLICON	METAGENOMIC	PCR	paired	ILLUMINA	NextSeq 500	16S rRNA gene V4 region amplified by F515 R806 primers and 150PE sequenced	fastq	DFS.053.Post.2_R1.fastq	DFS.053.Post.2_R2.fastq
DFS.053.Post.3	SAMN19715510	DFS.053.Post.3	16S rRNA taxonomic marker gene survey of human stool	AMPLICON	METAGENOMIC	PCR	paired	ILLUMINA	NextSeq 500	16S rRNA gene V4 region amplified by F515 R806 primers and 150PE sequenced	fastq	DFS.053.Post.3_R1.fastq	DFS.053.Post.3_R2.fastq
DFS.053.Post.4	SAMN19715511	DFS.053.Post.4	16S rRNA taxonomic marker gene survey of human stool	AMPLICON	METAGENOMIC	PCR	paired	ILLUMINA	NextSeq 500	16S rRNA gene V4 region amplified by F515 R806 primers and 150PE sequenced	fastq	DFS.053.Post.4_R1.fastq	DFS.053.Post.4_R2.fastq
DFS.053.Post.5	SAMN19715512	DFS.053.Post.5	16S rRNA taxonomic marker gene survey of human stool	AMPLICON	METAGENOMIC	PCR	paired	ILLUMINA	NextSeq 500	16S rRNA gene V4 region amplified by F515 R806 primers and 150PE sequenced	fastq	DFS.053.Post.5_R1.fastq	DFS.053.Post.5_R2.fastq
DFS.053.Post.6	SAMN19715518	DFS.053.Post.6	16S rRNA taxonomic marker gene survey of human stool	AMPLICON	METAGENOMIC	PCR	paired	ILLUMINA	NextSeq 500	16S rRNA gene V4 region amplified by F515 R806 primers and 150PE sequenced	fastq	DFS.053.Post.6_R1.fastq	DFS.053.Post.6_R2.fastq
DFS.053.Post.7	SAMN19715515	DFS.053.Post.7	16S rRNA taxonomic marker gene survey of human stool	AMPLICON	METAGENOMIC	PCR	paired	ILLUMINA	NextSeq 500	16S rRNA gene V4 region amplified by F515 R806 primers and 150PE sequenced	fastq	DFS.053.Post.7_R1.fastq	DFS.053.Post.7_R2.fastq
DFS.053.Post.8	SAMN19715527	DFS.053.Post.8	16S rRNA taxonomic marker gene survey of human stool	AMPLICON	METAGENOMIC	PCR	paired	ILLUMINA	NextSeq 500	16S rRNA gene V4 region amplified by F515 R806 primers and 150PE sequenced	fastq	DFS.053.Post.8_R1.fastq	DFS.053.Post.8_R2.fastq
DFS.053.Post.9	SAMN19715538	DFS.053.Post.9	16S rRNA taxonomic marker gene survey of human stool	AMPLICON	METAGENOMIC	PCR	paired	ILLUMINA	NextSeq 500	16S rRNA gene V4 region amplified by F515 R806 primers and 150PE sequenced	fastq	DFS.053.Post.9_R1.fastq	DFS.053.Post.9_R2.fastq
DFS.053.post.abx	SAMN19715506	DFS.053.post.abx	16S rRNA taxonomic marker gene survey of human stool	AMPLICON	METAGENOMIC	PCR	paired	ILLUMINA	NextSeq 500	16S rRNA gene V4 region amplified by F515 R806 primers and 150PE sequenced	fastq	DFS.053.post.abx_R1.fastq	DFS.053.post.abx_R2.fastq
DFS.055.Baseline	SAMN19715517	DFS.055.Baseline	16S rRNA taxonomic marker gene survey of human stool	AMPLICON	METAGENOMIC	PCR	paired	ILLUMINA	NextSeq 500	16S rRNA gene V4 region amplified by F515 R806 primers and 150PE sequenced	fastq	DFS.055.Baseline_R1.fastq	DFS.055.Baseline_R2.fastq
DFS.055.FMTi	SAMN19715327	DFS.055.FMTi	16S rRNA taxonomic marker gene survey of human stool	AMPLICON	METAGENOMIC	PCR	paired	ILLUMINA	NextSeq 500	16S rRNA gene V4 region amplified by F515 R806 primers and 150PE sequenced	fastq	DFS.055.FMTi_R1.fastq	DFS.055.FMTi_R2.fastq
DFS.055.Post.1	SAMN19715520	DFS.055.Post.1	16S rRNA taxonomic marker gene survey of human stool	AMPLICON	METAGENOMIC	PCR	paired	ILLUMINA	NextSeq 500	16S rRNA gene V4 region amplified by F515 R806 primers and 150PE sequenced	fastq	DFS.055.Post.1_R1.fastq	DFS.055.Post.1_R2.fastq
DFS.055.Post.2	SAMN19715521	DFS.055.Post.2	16S rRNA taxonomic marker gene survey of human stool	AMPLICON	METAGENOMIC	PCR	paired	ILLUMINA	NextSeq 500	16S rRNA gene V4 region amplified by F515 R806 primers and 150PE sequenced	fastq	DFS.055.Post.2_R1.fastq	DFS.055.Post.2_R2.fastq
DFS.055.Post.3	SAMN19715522	DFS.055.Post.3	16S rRNA taxonomic marker gene survey of human stool	AMPLICON	METAGENOMIC	PCR	paired	ILLUMINA	NextSeq 500	16S rRNA gene V4 region amplified by F515 R806 primers and 150PE sequenced	fastq	DFS.055.Post.3_R1.fastq	DFS.055.Post.3_R2.fastq
DFS.055.Post.4	SAMN19715525	DFS.055.Post.4	16S rRNA taxonomic marker gene survey of human stool	AMPLICON	METAGENOMIC	PCR	paired	ILLUMINA	NextSeq 500	16S rRNA gene V4 region amplified by F515 R806 primers and 150PE sequenced	fastq	DFS.055.Post.4_R1.fastq	DFS.055.Post.4_R2.fastq
DFS.055.Post.5	SAMN19715523	DFS.055.Post.5	16S rRNA taxonomic marker gene survey of human stool	AMPLICON	METAGENOMIC	PCR	paired	ILLUMINA	NextSeq 500	16S rRNA gene V4 region amplified by F515 R806 primers and 150PE sequenced	fastq	DFS.055.Post.5_R1.fastq	DFS.055.Post.5_R2.fastq
DFS.055.Post.6	SAMN19715524	DFS.055.Post.6	16S rRNA taxonomic marker gene survey of human stool	AMPLICON	METAGENOMIC	PCR	paired	ILLUMINA	NextSeq 500	16S rRNA gene V4 region amplified by F515 R806 primers and 150PE sequenced	fastq	DFS.055.Post.6_R1.fastq	DFS.055.Post.6_R2.fastq
DFS.055.Post.7	SAMN19715526	DFS.055.Post.7	16S rRNA taxonomic marker gene survey of human stool	AMPLICON	METAGENOMIC	PCR	paired	ILLUMINA	NextSeq 500	16S rRNA gene V4 region amplified by F515 R806 primers and 150PE sequenced	fastq	DFS.055.Post.7_R1.fastq	DFS.055.Post.7_R2.fastq
DFS.055.Post.8	SAMN19715531	DFS.055.Post.8	16S rRNA taxonomic marker gene survey of human stool	AMPLICON	METAGENOMIC	PCR	paired	ILLUMINA	NextSeq 500	16S rRNA gene V4 region amplified by F515 R806 primers and 150PE sequenced	fastq	DFS.055.Post.8_R1.fastq	DFS.055.Post.8_R2.fastq
DFS.056.Baseline	SAMN19715529	DFS.056.Baseline	16S rRNA taxonomic marker gene survey of human stool	AMPLICON	METAGENOMIC	PCR	paired	ILLUMINA	NextSeq 500	16S rRNA gene V4 region amplified by F515 R806 primers and 150PE sequenced	fastq	DFS.056.Baseline_R1.fastq	DFS.056.Baseline_R2.fastq
DFS.056.E1	SAMN19715329	DFS.056.E1	16S rRNA taxonomic marker gene survey of human stool	AMPLICON	METAGENOMIC	PCR	paired	ILLUMINA	NextSeq 500	16S rRNA gene V4 region amplified by F515 R806 primers and 150PE sequenced	fastq	DFS.056.E1_R1.fastq	DFS.056.E1_R2.fastq
DFS.056.E3	SAMN19715330	DFS.056.E3	16S rRNA taxonomic marker gene survey of human stool	AMPLICON	METAGENOMIC	PCR	paired	ILLUMINA	NextSeq 500	16S rRNA gene V4 region amplified by F515 R806 primers and 150PE sequenced	fastq	DFS.056.E3_R1.fastq	DFS.056.E3_R2.fastq
DFS.056.E4	SAMN19715331	DFS.056.E4	16S rRNA taxonomic marker gene survey of human stool	AMPLICON	METAGENOMIC	PCR	paired	ILLUMINA	NextSeq 500	16S rRNA gene V4 region amplified by F515 R806 primers and 150PE sequenced	fastq	DFS.056.E4_R1.fastq	DFS.056.E4_R2.fastq
DFS.056.E5	SAMN19715332	DFS.056.E5	16S rRNA taxonomic marker gene survey of human stool	AMPLICON	METAGENOMIC	PCR	paired	ILLUMINA	NextSeq 500	16S rRNA gene V4 region amplified by F515 R806 primers and 150PE sequenced	fastq	DFS.056.E5_R1.fastq	DFS.056.E5_R2.fastq
DFS.056.E6	SAMN19715333	DFS.056.E6	16S rRNA taxonomic marker gene survey of human stool	AMPLICON	METAGENOMIC	PCR	paired	ILLUMINA	NextSeq 500	16S rRNA gene V4 region amplified by F515 R806 primers and 150PE sequenced	fastq	DFS.056.E6_R1.fastq	DFS.056.E6_R2.fastq
DFS.056.FMTi	SAMN19715328	DFS.056.FMTi	16S rRNA taxonomic marker gene survey of human stool	AMPLICON	METAGENOMIC	PCR	paired	ILLUMINA	NextSeq 500	16S rRNA gene V4 region amplified by F515 R806 primers and 150PE sequenced	fastq	DFS.056.FMTi_R1.fastq	DFS.056.FMTi_R2.fastq
DFS.056.Post.1	SAMN19715528	DFS.056.Post.1	16S rRNA taxonomic marker gene survey of human stool	AMPLICON	METAGENOMIC	PCR	paired	ILLUMINA	NextSeq 500	16S rRNA gene V4 region amplified by F515 R806 primers and 150PE sequenced	fastq	DFS.056.Post.1_R1.fastq	DFS.056.Post.1_R2.fastq
DFS.056.Post.2	SAMN19715534	DFS.056.Post.2	16S rRNA taxonomic marker gene survey of human stool	AMPLICON	METAGENOMIC	PCR	paired	ILLUMINA	NextSeq 500	16S rRNA gene V4 region amplified by F515 R806 primers and 150PE sequenced	fastq	DFS.056.Post.2_R1.fastq	DFS.056.Post.2_R2.fastq
DFS.056.Post.3	SAMN19715533	DFS.056.Post.3	16S rRNA taxonomic marker gene survey of human stool	AMPLICON	METAGENOMIC	PCR	paired	ILLUMINA	NextSeq 500	16S rRNA gene V4 region amplified by F515 R806 primers and 150PE sequenced	fastq	DFS.056.Post.3_R1.fastq	DFS.056.Post.3_R2.fastq
DFS.056.Post.4	SAMN19715532	DFS.056.Post.4	16S rRNA taxonomic marker gene survey of human stool	AMPLICON	METAGENOMIC	PCR	paired	ILLUMINA	NextSeq 500	16S rRNA gene V4 region amplified by F515 R806 primers and 150PE sequenced	fastq	DFS.056.Post.4_R1.fastq	DFS.056.Post.4_R2.fastq
DFS.056.Post.5	SAMN19715535	DFS.056.Post.5	16S rRNA taxonomic marker gene survey of human stool	AMPLICON	METAGENOMIC	PCR	paired	ILLUMINA	NextSeq 500	16S rRNA gene V4 region amplified by F515 R806 primers and 150PE sequenced	fastq	DFS.056.Post.5_R1.fastq	DFS.056.Post.5_R2.fastq
DFS.056.Post.6	SAMN19715536	DFS.056.Post.6	16S rRNA taxonomic marker gene survey of human stool	AMPLICON	METAGENOMIC	PCR	paired	ILLUMINA	NextSeq 500	16S rRNA gene V4 region amplified by F515 R806 primers and 150PE sequenced	fastq	DFS.056.Post.6_R1.fastq	DFS.056.Post.6_R2.fastq
DFS.056.Post.7	SAMN19715537	DFS.056.Post.7	16S rRNA taxonomic marker gene survey of human stool	AMPLICON	METAGENOMIC	PCR	paired	ILLUMINA	NextSeq 500	16S rRNA gene V4 region amplified by F515 R806 primers and 150PE sequenced	fastq	DFS.056.Post.7_R1.fastq	DFS.056.Post.7_R2.fastq
DFS.059.Baseline	SAMN20172481	DFS.059.Baseline	16S rRNA taxonomic marker gene survey of human stool	AMPLICON	METAGENOMIC	PCR	paired	ILLUMINA	NextSeq 500	16S rRNA gene V4 region amplified by F515 R806 primers and 150PE sequenced	fastq	DFS.059.Baseline_R1.fastq	DFS.059.Baseline_R2.fastq
