biosample_accession	library_ID	title	library_strategy	library_source	library_selection	library_layout	platform	instrument_model	design_description	filetype	filename	filename2
SAMN19715387	SS01000	shotgun metagenomic sequencing of human stool	WGS	METAGENOMIC	RANDOM	paired	ILLUMINA	Illumina NovaSeq 6000	150PE Flow Cell S4	fastq	SS01000.r1.hfilt.fq.gz	SS01000.r2.hfilt.fq.gz
SAMN19715388	SS01001	shotgun metagenomic sequencing of human stool	WGS	METAGENOMIC	RANDOM	paired	ILLUMINA	Illumina NovaSeq 6000	150PE Flow Cell S4	fastq	SS01001.r1.hfilt.fq.gz	SS01001.r2.hfilt.fq.gz
SAMN19715390	SS01004	shotgun metagenomic sequencing of human stool	WGS	METAGENOMIC	RANDOM	paired	ILLUMINA	Illumina NovaSeq 6000	150PE Flow Cell S4	fastq	SS01004.r1.hfilt.fq.gz	SS01004.r2.hfilt.fq.gz
SAMN19715391	SS01005	shotgun metagenomic sequencing of human stool	WGS	METAGENOMIC	RANDOM	paired	ILLUMINA	Illumina NovaSeq 6000	150PE Flow Cell S4	fastq	SS01005.r1.hfilt.fq.gz	SS01005.r2.hfilt.fq.gz
SAMN19715389	SS01002	shotgun metagenomic sequencing of human stool	WGS	METAGENOMIC	RANDOM	paired	ILLUMINA	Illumina NovaSeq 6000	150PE Flow Cell S4	fastq	SS01002.r1.hfilt.fq.gz	SS01002.r2.hfilt.fq.gz
SAMN19715393	SS01007	shotgun metagenomic sequencing of human stool	WGS	METAGENOMIC	RANDOM	paired	ILLUMINA	Illumina NovaSeq 6000	150PE Flow Cell S4	fastq	SS01007.r1.hfilt.fq.gz	SS01007.r2.hfilt.fq.gz
SAMN19715392	SS01006	shotgun metagenomic sequencing of human stool	WGS	METAGENOMIC	RANDOM	paired	ILLUMINA	Illumina NovaSeq 6000	150PE Flow Cell S4	fastq	SS01006.r1.hfilt.fq.gz	SS01006.r2.hfilt.fq.gz
SAMN19715395	SS01009	shotgun metagenomic sequencing of human stool	WGS	METAGENOMIC	RANDOM	paired	ILLUMINA	Illumina NovaSeq 6000	150PE Flow Cell S4	fastq	SS01009.r1.hfilt.fq.gz	SS01009.r2.hfilt.fq.gz
SAMN19715394	SS01008	shotgun metagenomic sequencing of human stool	WGS	METAGENOMIC	RANDOM	paired	ILLUMINA	Illumina NovaSeq 6000	150PE Flow Cell S4	fastq	SS01008.r1.hfilt.fq.gz	SS01008.r2.hfilt.fq.gz
SAMN19715396	SS01011	shotgun metagenomic sequencing of human stool	WGS	METAGENOMIC	RANDOM	paired	ILLUMINA	Illumina NovaSeq 6000	150PE Flow Cell S4	fastq	SS01011.r1.hfilt.fq.gz	SS01011.r2.hfilt.fq.gz
SAMN19715398	SS01013	shotgun metagenomic sequencing of human stool	WGS	METAGENOMIC	RANDOM	paired	ILLUMINA	Illumina NovaSeq 6000	150PE Flow Cell S4	fastq	SS01013.r1.hfilt.fq.gz	SS01013.r2.hfilt.fq.gz
SAMN19715397	SS01012	shotgun metagenomic sequencing of human stool	WGS	METAGENOMIC	RANDOM	paired	ILLUMINA	Illumina NovaSeq 6000	150PE Flow Cell S4	fastq	SS01012.r1.hfilt.fq.gz	SS01012.r2.hfilt.fq.gz
SAMN19715399	SS01015	shotgun metagenomic sequencing of human stool	WGS	METAGENOMIC	RANDOM	paired	ILLUMINA	Illumina NovaSeq 6000	150PE Flow Cell S4	fastq	SS01015.r1.hfilt.fq.gz	SS01015.r2.hfilt.fq.gz
SAMN19715400	SS01016	shotgun metagenomic sequencing of human stool	WGS	METAGENOMIC	RANDOM	paired	ILLUMINA	Illumina NovaSeq 6000	150PE Flow Cell S4	fastq	SS01016.r1.hfilt.fq.gz	SS01016.r2.hfilt.fq.gz
SAMN19715403	SS01019	shotgun metagenomic sequencing of human stool	WGS	METAGENOMIC	RANDOM	paired	ILLUMINA	Illumina NovaSeq 6000	150PE Flow Cell S4	fastq	SS01019.r1.hfilt.fq.gz	SS01019.r2.hfilt.fq.gz
SAMN19715401	SS01017	shotgun metagenomic sequencing of human stool	WGS	METAGENOMIC	RANDOM	paired	ILLUMINA	Illumina NovaSeq 6000	150PE Flow Cell S4	fastq	SS01017.r1.hfilt.fq.gz	SS01017.r2.hfilt.fq.gz
SAMN19715402	SS01018	shotgun metagenomic sequencing of human stool	WGS	METAGENOMIC	RANDOM	paired	ILLUMINA	Illumina NovaSeq 6000	150PE Flow Cell S4	fastq	SS01018.r1.hfilt.fq.gz	SS01018.r2.hfilt.fq.gz
SAMN19715406	SS01022	shotgun metagenomic sequencing of human stool	WGS	METAGENOMIC	RANDOM	paired	ILLUMINA	Illumina NovaSeq 6000	150PE Flow Cell S4	fastq	SS01022.r1.hfilt.fq.gz	SS01022.r2.hfilt.fq.gz
SAMN19715407	SS01023	shotgun metagenomic sequencing of human stool	WGS	METAGENOMIC	RANDOM	paired	ILLUMINA	Illumina NovaSeq 6000	150PE Flow Cell S4	fastq	SS01023.r1.hfilt.fq.gz	SS01023.r2.hfilt.fq.gz
SAMN19715410	SS01027	shotgun metagenomic sequencing of human stool	WGS	METAGENOMIC	RANDOM	paired	ILLUMINA	Illumina NovaSeq 6000	150PE Flow Cell S4	fastq	SS01027.r1.hfilt.fq.gz	SS01027.r2.hfilt.fq.gz
SAMN19715409	SS01026	shotgun metagenomic sequencing of human stool	WGS	METAGENOMIC	RANDOM	paired	ILLUMINA	Illumina NovaSeq 6000	150PE Flow Cell S4	fastq	SS01026.r1.hfilt.fq.gz	SS01026.r2.hfilt.fq.gz
SAMN19715412	SS01030	shotgun metagenomic sequencing of human stool	WGS	METAGENOMIC	RANDOM	paired	ILLUMINA	Illumina NovaSeq 6000	150PE Flow Cell S4	fastq	SS01030.r1.hfilt.fq.gz	SS01030.r2.hfilt.fq.gz
SAMN19715415	SS01033	shotgun metagenomic sequencing of human stool	WGS	METAGENOMIC	RANDOM	paired	ILLUMINA	Illumina NovaSeq 6000	150PE Flow Cell S4	fastq	SS01033.r1.hfilt.fq.gz	SS01033.r2.hfilt.fq.gz
SAMN19715418	SS01036	shotgun metagenomic sequencing of human stool	WGS	METAGENOMIC	RANDOM	paired	ILLUMINA	Illumina NovaSeq 6000	150PE Flow Cell S4	fastq	SS01036.r1.hfilt.fq.gz	SS01036.r2.hfilt.fq.gz
SAMN19715419	SS01037	shotgun metagenomic sequencing of human stool	WGS	METAGENOMIC	RANDOM	paired	ILLUMINA	Illumina NovaSeq 6000	150PE Flow Cell S4	fastq	SS01037.r1.hfilt.fq.gz	SS01037.r2.hfilt.fq.gz
SAMN19715420	SS01038	shotgun metagenomic sequencing of human stool	WGS	METAGENOMIC	RANDOM	paired	ILLUMINA	Illumina NovaSeq 6000	150PE Flow Cell S4	fastq	SS01038.r1.hfilt.fq.gz	SS01038.r2.hfilt.fq.gz
SAMN19715422	SS01042	shotgun metagenomic sequencing of human stool	WGS	METAGENOMIC	RANDOM	paired	ILLUMINA	Illumina NovaSeq 6000	150PE Flow Cell S4	fastq	SS01042.r1.hfilt.fq.gz	SS01042.r2.hfilt.fq.gz
SAMN19715427	SS01048	shotgun metagenomic sequencing of human stool	WGS	METAGENOMIC	RANDOM	paired	ILLUMINA	Illumina NovaSeq 6000	150PE Flow Cell S4	fastq	SS01048.r1.hfilt.fq.gz	SS01048.r2.hfilt.fq.gz
SAMN19715426	SS01047	shotgun metagenomic sequencing of human stool	WGS	METAGENOMIC	RANDOM	paired	ILLUMINA	Illumina NovaSeq 6000	150PE Flow Cell S4	fastq	SS01047.r1.hfilt.fq.gz	SS01047.r2.hfilt.fq.gz
SAMN19715430	SS01052	shotgun metagenomic sequencing of human stool	WGS	METAGENOMIC	RANDOM	paired	ILLUMINA	Illumina NovaSeq 6000	150PE Flow Cell S4	fastq	SS01052.r1.hfilt.fq.gz	SS01052.r2.hfilt.fq.gz
SAMN19715433	SS01055	shotgun metagenomic sequencing of human stool	WGS	METAGENOMIC	RANDOM	paired	ILLUMINA	Illumina NovaSeq 6000	150PE Flow Cell S4	fastq	SS01055.r1.hfilt.fq.gz	SS01055.r2.hfilt.fq.gz
SAMN19715437	SS01059	shotgun metagenomic sequencing of human stool	WGS	METAGENOMIC	RANDOM	paired	ILLUMINA	Illumina NovaSeq 6000	150PE Flow Cell S4	fastq	SS01059.r1.hfilt.fq.gz	SS01059.r2.hfilt.fq.gz
SAMN19715435	SS01057	shotgun metagenomic sequencing of human stool	WGS	METAGENOMIC	RANDOM	paired	ILLUMINA	Illumina NovaSeq 6000	150PE Flow Cell S4	fastq	SS01057.r1.hfilt.fq.gz	SS01057.r2.hfilt.fq.gz
SAMN19715434	SS01056	shotgun metagenomic sequencing of human stool	WGS	METAGENOMIC	RANDOM	paired	ILLUMINA	Illumina NovaSeq 6000	150PE Flow Cell S4	fastq	SS01056.r1.hfilt.fq.gz	SS01056.r2.hfilt.fq.gz
SAMN19715457	SS01083	shotgun metagenomic sequencing of human stool	WGS	METAGENOMIC	RANDOM	paired	ILLUMINA	Illumina NovaSeq 6000	150PE Flow Cell S4	fastq	SS01083.r1.hfilt.fq.gz	SS01083.r2.hfilt.fq.gz
SAMN19715431	SS01053	shotgun metagenomic sequencing of human stool	WGS	METAGENOMIC	RANDOM	paired	ILLUMINA	Illumina NovaSeq 6000	150PE Flow Cell S4	fastq	SS01053.r1.hfilt.fq.gz	SS01053.r2.hfilt.fq.gz
SAMN19715432	SS01054	shotgun metagenomic sequencing of human stool	WGS	METAGENOMIC	RANDOM	paired	ILLUMINA	Illumina NovaSeq 6000	150PE Flow Cell S4	fastq	SS01054.r1.hfilt.fq.gz	SS01054.r2.hfilt.fq.gz
SAMN19715438	SS01060	shotgun metagenomic sequencing of human stool	WGS	METAGENOMIC	RANDOM	paired	ILLUMINA	Illumina NovaSeq 6000	150PE Flow Cell S4	fastq	SS01060.r1.hfilt.fq.gz	SS01060.r2.hfilt.fq.gz
SAMN19715441	SS01063	shotgun metagenomic sequencing of human stool	WGS	METAGENOMIC	RANDOM	paired	ILLUMINA	Illumina NovaSeq 6000	150PE Flow Cell S4	fastq	SS01063.r1.hfilt.fq.gz	SS01063.r2.hfilt.fq.gz
SAMN19715444	SS01066	shotgun metagenomic sequencing of human stool	WGS	METAGENOMIC	RANDOM	paired	ILLUMINA	Illumina NovaSeq 6000	150PE Flow Cell S4	fastq	SS01066.r1.hfilt.fq.gz	SS01066.r2.hfilt.fq.gz
SAMN19715446	SS01068	shotgun metagenomic sequencing of human stool	WGS	METAGENOMIC	RANDOM	paired	ILLUMINA	Illumina NovaSeq 6000	150PE Flow Cell S4	fastq	SS01068.r1.hfilt.fq.gz	SS01068.r2.hfilt.fq.gz
SAMN19715447	SS01069	shotgun metagenomic sequencing of human stool	WGS	METAGENOMIC	RANDOM	paired	ILLUMINA	Illumina NovaSeq 6000	150PE Flow Cell S4	fastq	SS01069.r1.hfilt.fq.gz	SS01069.r2.hfilt.fq.gz
SAMN19715451	SS01073	shotgun metagenomic sequencing of human stool	WGS	METAGENOMIC	RANDOM	paired	ILLUMINA	Illumina NovaSeq 6000	150PE Flow Cell S4	fastq	SS01073.r1.hfilt.fq.gz	SS01073.r2.hfilt.fq.gz
SAMN19715450	SS01072	shotgun metagenomic sequencing of human stool	WGS	METAGENOMIC	RANDOM	paired	ILLUMINA	Illumina NovaSeq 6000	150PE Flow Cell S4	fastq	SS01072.r1.hfilt.fq.gz	SS01072.r2.hfilt.fq.gz
SAMN19715452	SS01075	shotgun metagenomic sequencing of human stool	WGS	METAGENOMIC	RANDOM	paired	ILLUMINA	Illumina NovaSeq 6000	150PE Flow Cell S4	fastq	SS01075.r1.hfilt.fq.gz	SS01075.r2.hfilt.fq.gz
SAMN19715453	SS01076	shotgun metagenomic sequencing of human stool	WGS	METAGENOMIC	RANDOM	paired	ILLUMINA	Illumina NovaSeq 6000	150PE Flow Cell S4	fastq	SS01076.r1.hfilt.fq.gz	SS01076.r2.hfilt.fq.gz
SAMN19715454	SS01078	shotgun metagenomic sequencing of human stool	WGS	METAGENOMIC	RANDOM	paired	ILLUMINA	Illumina NovaSeq 6000	150PE Flow Cell S4	fastq	SS01078.r1.hfilt.fq.gz	SS01078.r2.hfilt.fq.gz
SAMN19715461	SS01088	shotgun metagenomic sequencing of human stool	WGS	METAGENOMIC	RANDOM	paired	ILLUMINA	Illumina NovaSeq 6000	150PE Flow Cell S4	fastq	SS01088.r1.hfilt.fq.gz	SS01088.r2.hfilt.fq.gz
SAMN19715455	SS01080	shotgun metagenomic sequencing of human stool	WGS	METAGENOMIC	RANDOM	paired	ILLUMINA	Illumina NovaSeq 6000	150PE Flow Cell S4	fastq	SS01080.r1.hfilt.fq.gz	SS01080.r2.hfilt.fq.gz
SAMN19715456	SS01081	shotgun metagenomic sequencing of human stool	WGS	METAGENOMIC	RANDOM	paired	ILLUMINA	Illumina NovaSeq 6000	150PE Flow Cell S4	fastq	SS01081.r1.hfilt.fq.gz	SS01081.r2.hfilt.fq.gz
SAMN19715458	SS01084	shotgun metagenomic sequencing of human stool	WGS	METAGENOMIC	RANDOM	paired	ILLUMINA	Illumina NovaSeq 6000	150PE Flow Cell S4	fastq	SS01084.r1.hfilt.fq.gz	SS01084.r2.hfilt.fq.gz
SAMN19715467	SS01094	shotgun metagenomic sequencing of human stool	WGS	METAGENOMIC	RANDOM	paired	ILLUMINA	Illumina NovaSeq 6000	150PE Flow Cell S4	fastq	SS01094.r1.hfilt.fq.gz	SS01094.r2.hfilt.fq.gz
SAMN19715460	SS01087	shotgun metagenomic sequencing of human stool	WGS	METAGENOMIC	RANDOM	paired	ILLUMINA	Illumina NovaSeq 6000	150PE Flow Cell S4	fastq	SS01087.r1.hfilt.fq.gz	SS01087.r2.hfilt.fq.gz
SAMN19715463	SS01090	shotgun metagenomic sequencing of human stool	WGS	METAGENOMIC	RANDOM	paired	ILLUMINA	Illumina NovaSeq 6000	150PE Flow Cell S4	fastq	SS01090.r1.hfilt.fq.gz	SS01090.r2.hfilt.fq.gz
SAMN19715464	SS01091	shotgun metagenomic sequencing of human stool	WGS	METAGENOMIC	RANDOM	paired	ILLUMINA	Illumina NovaSeq 6000	150PE Flow Cell S4	fastq	SS01091.r1.hfilt.fq.gz	SS01091.r2.hfilt.fq.gz
SAMN19715470	SS01097	shotgun metagenomic sequencing of human stool	WGS	METAGENOMIC	RANDOM	paired	ILLUMINA	Illumina NovaSeq 6000	150PE Flow Cell S4	fastq	SS01097.r1.hfilt.fq.gz	SS01097.r2.hfilt.fq.gz
SAMN19715459	SS01086	shotgun metagenomic sequencing of human stool	WGS	METAGENOMIC	RANDOM	paired	ILLUMINA	Illumina NovaSeq 6000	150PE Flow Cell S4	fastq	SS01086.r1.hfilt.fq.gz	SS01086.r2.hfilt.fq.gz
SAMN19715465	SS01092	shotgun metagenomic sequencing of human stool	WGS	METAGENOMIC	RANDOM	paired	ILLUMINA	Illumina NovaSeq 6000	150PE Flow Cell S4	fastq	SS01092.r1.hfilt.fq.gz	SS01092.r2.hfilt.fq.gz
SAMN19715471	SS01098	shotgun metagenomic sequencing of human stool	WGS	METAGENOMIC	RANDOM	paired	ILLUMINA	Illumina NovaSeq 6000	150PE Flow Cell S4	fastq	SS01098.r1.hfilt.fq.gz	SS01098.r2.hfilt.fq.gz
SAMN19715473	SS01100	shotgun metagenomic sequencing of human stool	WGS	METAGENOMIC	RANDOM	paired	ILLUMINA	Illumina NovaSeq 6000	150PE Flow Cell S4	fastq	SS01100.r1.hfilt.fq.gz	SS01100.r2.hfilt.fq.gz
SAMN19715475	SS01103	shotgun metagenomic sequencing of human stool	WGS	METAGENOMIC	RANDOM	paired	ILLUMINA	Illumina NovaSeq 6000	150PE Flow Cell S4	fastq	SS01103.r1.hfilt.fq.gz	SS01103.r2.hfilt.fq.gz
SAMN19715340	DS0097_007	shotgun metagenomic sequencing of human stool	WGS	METAGENOMIC	RANDOM	paired	ILLUMINA	Illumina NovaSeq 6000	150PE Flow Cell S4	fastq	DS0097_007.r1.hfilt.fq.gz	DS0097_007.r2.hfilt.fq.gz
SAMN19715341	DS0097_008	shotgun metagenomic sequencing of human stool	WGS	METAGENOMIC	RANDOM	paired	ILLUMINA	Illumina NovaSeq 6000	150PE Flow Cell S4	fastq	DS0097_008.r1.hfilt.fq.gz	DS0097_008.r2.hfilt.fq.gz
SAMN19715334	DS0097_001	shotgun metagenomic sequencing of human stool	WGS	METAGENOMIC	RANDOM	paired	ILLUMINA	Illumina NovaSeq 6000	150PE Flow Cell S4	fastq	DS0097_001.r1.hfilt.fq.gz	DS0097_001.r2.hfilt.fq.gz
SAMN19715342	DS0097_009	shotgun metagenomic sequencing of human stool	WGS	METAGENOMIC	RANDOM	paired	ILLUMINA	Illumina NovaSeq 6000	150PE Flow Cell S4	fastq	DS0097_009.r1.hfilt.fq.gz	DS0097_009.r2.hfilt.fq.gz
SAMN19715343	DS0097_010	shotgun metagenomic sequencing of human stool	WGS	METAGENOMIC	RANDOM	paired	ILLUMINA	Illumina NovaSeq 6000	150PE Flow Cell S4	fastq	DS0097_010.r1.hfilt.fq.gz	DS0097_010.r2.hfilt.fq.gz
SAMN19715335	DS0097_002	shotgun metagenomic sequencing of human stool	WGS	METAGENOMIC	RANDOM	paired	ILLUMINA	Illumina NovaSeq 6000	150PE Flow Cell S4	fastq	DS0097_002.r1.hfilt.fq.gz	DS0097_002.r2.hfilt.fq.gz
SAMN19715336	DS0097_003	shotgun metagenomic sequencing of human stool	WGS	METAGENOMIC	RANDOM	paired	ILLUMINA	Illumina NovaSeq 6000	150PE Flow Cell S4	fastq	DS0097_003.r1.hfilt.fq.gz	DS0097_003.r2.hfilt.fq.gz
SAMN19715344	DS0097_011	shotgun metagenomic sequencing of human stool	WGS	METAGENOMIC	RANDOM	paired	ILLUMINA	Illumina NovaSeq 6000	150PE Flow Cell S4	fastq	DS0097_011.r1.hfilt.fq.gz	DS0097_011.r2.hfilt.fq.gz
SAMN19715345	DS0097_012	shotgun metagenomic sequencing of human stool	WGS	METAGENOMIC	RANDOM	paired	ILLUMINA	Illumina NovaSeq 6000	150PE Flow Cell S4	fastq	DS0097_012.r1.hfilt.fq.gz	DS0097_012.r2.hfilt.fq.gz
SAMN19715337	DS0097_004	shotgun metagenomic sequencing of human stool	WGS	METAGENOMIC	RANDOM	paired	ILLUMINA	Illumina NovaSeq 6000	150PE Flow Cell S4	fastq	DS0097_004.r1.hfilt.fq.gz	DS0097_004.r2.hfilt.fq.gz
SAMN19715347	DS0097_014	shotgun metagenomic sequencing of human stool	WGS	METAGENOMIC	RANDOM	paired	ILLUMINA	Illumina NovaSeq 6000	150PE Flow Cell S4	fastq	DS0097_014.r1.hfilt.fq.gz	DS0097_014.r2.hfilt.fq.gz
SAMN19715338	DS0097_005	shotgun metagenomic sequencing of human stool	WGS	METAGENOMIC	RANDOM	paired	ILLUMINA	Illumina NovaSeq 6000	150PE Flow Cell S4	fastq	DS0097_005.r1.hfilt.fq.gz	DS0097_005.r2.hfilt.fq.gz
SAMN19715346	DS0097_013	shotgun metagenomic sequencing of human stool	WGS	METAGENOMIC	RANDOM	paired	ILLUMINA	Illumina NovaSeq 6000	150PE Flow Cell S4	fastq	DS0097_013.r1.hfilt.fq.gz	DS0097_013.r2.hfilt.fq.gz
SAMN19715339	DS0097_006	shotgun metagenomic sequencing of human stool	WGS	METAGENOMIC	RANDOM	paired	ILLUMINA	Illumina NovaSeq 6000	150PE Flow Cell S4	fastq	DS0097_006.r1.hfilt.fq.gz	DS0097_006.r2.hfilt.fq.gz
SAMN19715348	DS0097_015	shotgun metagenomic sequencing of human stool	WGS	METAGENOMIC	RANDOM	paired	ILLUMINA	Illumina NovaSeq 6000	150PE Flow Cell S4	fastq	DS0097_015.r1.hfilt.fq.gz	DS0097_015.r2.hfilt.fq.gz
SAMN19715349	DS0097_016	shotgun metagenomic sequencing of human stool	WGS	METAGENOMIC	RANDOM	paired	ILLUMINA	Illumina NovaSeq 6000	150PE Flow Cell S4	fastq	DS0097_016.r1.hfilt.fq.gz	DS0097_016.r2.hfilt.fq.gz
SAMN19715350	DS0097_017	shotgun metagenomic sequencing of human stool	WGS	METAGENOMIC	RANDOM	paired	ILLUMINA	Illumina NovaSeq 6000	150PE Flow Cell S4	fastq	DS0097_017.r1.hfilt.fq.gz	DS0097_017.r2.hfilt.fq.gz
SAMN19715382	DS0485_002	shotgun metagenomic sequencing of human stool	WGS	METAGENOMIC	RANDOM	paired	ILLUMINA	Illumina NovaSeq 6000	150PE Flow Cell S4	fastq	DS0485_002.r1.hfilt.fq.gz	DS0485_002.r2.hfilt.fq.gz
SAMN19715361	DS0097_028	shotgun metagenomic sequencing of human stool	WGS	METAGENOMIC	RANDOM	paired	ILLUMINA	Illumina NovaSeq 6000	150PE Flow Cell S4	fastq	DS0097_028.r1.hfilt.fq.gz	DS0097_028.r2.hfilt.fq.gz
SAMN19715362	DS0097_029	shotgun metagenomic sequencing of human stool	WGS	METAGENOMIC	RANDOM	paired	ILLUMINA	Illumina NovaSeq 6000	150PE Flow Cell S4	fastq	DS0097_029.r1.hfilt.fq.gz	DS0097_029.r2.hfilt.fq.gz
SAMN19715363	DS0097_030	shotgun metagenomic sequencing of human stool	WGS	METAGENOMIC	RANDOM	paired	ILLUMINA	Illumina NovaSeq 6000	150PE Flow Cell S4	fastq	DS0097_030.r1.hfilt.fq.gz	DS0097_030.r2.hfilt.fq.gz
SAMN19715355	DS0097_022	shotgun metagenomic sequencing of human stool	WGS	METAGENOMIC	RANDOM	paired	ILLUMINA	Illumina NovaSeq 6000	150PE Flow Cell S4	fastq	DS0097_022.r1.hfilt.fq.gz	DS0097_022.r2.hfilt.fq.gz
SAMN19715364	DS0097_031	shotgun metagenomic sequencing of human stool	WGS	METAGENOMIC	RANDOM	paired	ILLUMINA	Illumina NovaSeq 6000	150PE Flow Cell S4	fastq	DS0097_031.r1.hfilt.fq.gz	DS0097_031.r2.hfilt.fq.gz
SAMN19715356	DS0097_023	shotgun metagenomic sequencing of human stool	WGS	METAGENOMIC	RANDOM	paired	ILLUMINA	Illumina NovaSeq 6000	150PE Flow Cell S4	fastq	DS0097_023.r1.hfilt.fq.gz	DS0097_023.r2.hfilt.fq.gz
SAMN19715365	DS0097_032	shotgun metagenomic sequencing of human stool	WGS	METAGENOMIC	RANDOM	paired	ILLUMINA	Illumina NovaSeq 6000	150PE Flow Cell S4	fastq	DS0097_032.r1.hfilt.fq.gz	DS0097_032.r2.hfilt.fq.gz
SAMN19715357	DS0097_024	shotgun metagenomic sequencing of human stool	WGS	METAGENOMIC	RANDOM	paired	ILLUMINA	Illumina NovaSeq 6000	150PE Flow Cell S4	fastq	DS0097_024.r1.hfilt.fq.gz	DS0097_024.r2.hfilt.fq.gz
SAMN19715367	DS0097_034	shotgun metagenomic sequencing of human stool	WGS	METAGENOMIC	RANDOM	paired	ILLUMINA	Illumina NovaSeq 6000	150PE Flow Cell S4	fastq	DS0097_034.r1.hfilt.fq.gz	DS0097_034.r2.hfilt.fq.gz
SAMN19715358	DS0097_025	shotgun metagenomic sequencing of human stool	WGS	METAGENOMIC	RANDOM	paired	ILLUMINA	Illumina NovaSeq 6000	150PE Flow Cell S4	fastq	DS0097_025.r1.hfilt.fq.gz	DS0097_025.r2.hfilt.fq.gz
SAMN19715368	DS0097_035	shotgun metagenomic sequencing of human stool	WGS	METAGENOMIC	RANDOM	paired	ILLUMINA	Illumina NovaSeq 6000	150PE Flow Cell S4	fastq	DS0097_035.r1.hfilt.fq.gz	DS0097_035.r2.hfilt.fq.gz
SAMN19715359	DS0097_026	shotgun metagenomic sequencing of human stool	WGS	METAGENOMIC	RANDOM	paired	ILLUMINA	Illumina NovaSeq 6000	150PE Flow Cell S4	fastq	DS0097_026.r1.hfilt.fq.gz	DS0097_026.r2.hfilt.fq.gz
SAMN19715360	DS0097_027	shotgun metagenomic sequencing of human stool	WGS	METAGENOMIC	RANDOM	paired	ILLUMINA	Illumina NovaSeq 6000	150PE Flow Cell S4	fastq	DS0097_027.r1.hfilt.fq.gz	DS0097_027.r2.hfilt.fq.gz
SAMN19715369	DS0097_036	shotgun metagenomic sequencing of human stool	WGS	METAGENOMIC	RANDOM	paired	ILLUMINA	Illumina NovaSeq 6000	150PE Flow Cell S4	fastq	DS0097_036.r1.hfilt.fq.gz	DS0097_036.r2.hfilt.fq.gz
SAMN19715480	SS01108	shotgun metagenomic sequencing of human stool	WGS	METAGENOMIC	RANDOM	paired	ILLUMINA	Illumina NovaSeq 6000	150PE Flow Cell S4	fastq	SS01108.r1.hfilt.fq.gz	SS01108.r2.hfilt.fq.gz
SAMN19715477	SS01105	shotgun metagenomic sequencing of human stool	WGS	METAGENOMIC	RANDOM	paired	ILLUMINA	Illumina NovaSeq 6000	150PE Flow Cell S4	fastq	SS01105.r1.hfilt.fq.gz	SS01105.r2.hfilt.fq.gz
SAMN19715488	SS01117	shotgun metagenomic sequencing of human stool	WGS	METAGENOMIC	RANDOM	paired	ILLUMINA	Illumina NovaSeq 6000	150PE Flow Cell S4	fastq	SS01117.r1.hfilt.fq.gz	SS01117.r2.hfilt.fq.gz
SAMN19715491	SS01120	shotgun metagenomic sequencing of human stool	WGS	METAGENOMIC	RANDOM	paired	ILLUMINA	Illumina NovaSeq 6000	150PE Flow Cell S4	fastq	SS01120.r1.hfilt.fq.gz	SS01120.r2.hfilt.fq.gz
SAMN19715493	SS01123	shotgun metagenomic sequencing of human stool	WGS	METAGENOMIC	RANDOM	paired	ILLUMINA	Illumina NovaSeq 6000	150PE Flow Cell S4	fastq	SS01123.r1.hfilt.fq.gz	SS01123.r2.hfilt.fq.gz
SAMN19715495	SS01125	shotgun metagenomic sequencing of human stool	WGS	METAGENOMIC	RANDOM	paired	ILLUMINA	Illumina NovaSeq 6000	150PE Flow Cell S4	fastq	SS01125.r1.hfilt.fq.gz	SS01125.r2.hfilt.fq.gz
SAMN19715496	SS01126	shotgun metagenomic sequencing of human stool	WGS	METAGENOMIC	RANDOM	paired	ILLUMINA	Illumina NovaSeq 6000	150PE Flow Cell S4	fastq	SS01126.r1.hfilt.fq.gz	SS01126.r2.hfilt.fq.gz
SAMN19715497	SS01127	shotgun metagenomic sequencing of human stool	WGS	METAGENOMIC	RANDOM	paired	ILLUMINA	Illumina NovaSeq 6000	150PE Flow Cell S4	fastq	SS01127.r1.hfilt.fq.gz	SS01127.r2.hfilt.fq.gz
SAMN19715498	SS01128	shotgun metagenomic sequencing of human stool	WGS	METAGENOMIC	RANDOM	paired	ILLUMINA	Illumina NovaSeq 6000	150PE Flow Cell S4	fastq	SS01128.r1.hfilt.fq.gz	SS01128.r2.hfilt.fq.gz
SAMN19715499	SS01130	shotgun metagenomic sequencing of human stool	WGS	METAGENOMIC	RANDOM	paired	ILLUMINA	Illumina NovaSeq 6000	150PE Flow Cell S4	fastq	SS01130.r1.hfilt.fq.gz	SS01130.r2.hfilt.fq.gz
SAMN19715500	SS01131	shotgun metagenomic sequencing of human stool	WGS	METAGENOMIC	RANDOM	paired	ILLUMINA	Illumina NovaSeq 6000	150PE Flow Cell S4	fastq	SS01131.r1.hfilt.fq.gz	SS01131.r2.hfilt.fq.gz
SAMN19715502	SS01133	shotgun metagenomic sequencing of human stool	WGS	METAGENOMIC	RANDOM	paired	ILLUMINA	Illumina NovaSeq 6000	150PE Flow Cell S4	fastq	SS01133.r1.hfilt.fq.gz	SS01133.r2.hfilt.fq.gz
SAMN19715503	SS01134	shotgun metagenomic sequencing of human stool	WGS	METAGENOMIC	RANDOM	paired	ILLUMINA	Illumina NovaSeq 6000	150PE Flow Cell S4	fastq	SS01134.r1.hfilt.fq.gz	SS01134.r2.hfilt.fq.gz
SAMN19715504	SS01135	shotgun metagenomic sequencing of human stool	WGS	METAGENOMIC	RANDOM	paired	ILLUMINA	Illumina NovaSeq 6000	150PE Flow Cell S4	fastq	SS01135.r1.hfilt.fq.gz	SS01135.r2.hfilt.fq.gz
SAMN19715506	SS01137	shotgun metagenomic sequencing of human stool	WGS	METAGENOMIC	RANDOM	paired	ILLUMINA	Illumina NovaSeq 6000	150PE Flow Cell S4	fastq	SS01137.r1.hfilt.fq.gz	SS01137.r2.hfilt.fq.gz
SAMN19715507	SS01138	shotgun metagenomic sequencing of human stool	WGS	METAGENOMIC	RANDOM	paired	ILLUMINA	Illumina NovaSeq 6000	150PE Flow Cell S4	fastq	SS01138.r1.hfilt.fq.gz	SS01138.r2.hfilt.fq.gz
SAMN19715505	SS01136	shotgun metagenomic sequencing of human stool	WGS	METAGENOMIC	RANDOM	paired	ILLUMINA	Illumina NovaSeq 6000	150PE Flow Cell S4	fastq	SS01136.r1.hfilt.fq.gz	SS01136.r2.hfilt.fq.gz
SAMN19715508	SS01139	shotgun metagenomic sequencing of human stool	WGS	METAGENOMIC	RANDOM	paired	ILLUMINA	Illumina NovaSeq 6000	150PE Flow Cell S4	fastq	SS01139.r1.hfilt.fq.gz	SS01139.r2.hfilt.fq.gz
SAMN19715510	SS01141	shotgun metagenomic sequencing of human stool	WGS	METAGENOMIC	RANDOM	paired	ILLUMINA	Illumina NovaSeq 6000	150PE Flow Cell S4	fastq	SS01141.r1.hfilt.fq.gz	SS01141.r2.hfilt.fq.gz
SAMN19715509	SS01140	shotgun metagenomic sequencing of human stool	WGS	METAGENOMIC	RANDOM	paired	ILLUMINA	Illumina NovaSeq 6000	150PE Flow Cell S4	fastq	SS01140.r1.hfilt.fq.gz	SS01140.r2.hfilt.fq.gz
SAMN19715511	SS01142	shotgun metagenomic sequencing of human stool	WGS	METAGENOMIC	RANDOM	paired	ILLUMINA	Illumina NovaSeq 6000	150PE Flow Cell S4	fastq	SS01142.r1.hfilt.fq.gz	SS01142.r2.hfilt.fq.gz
SAMN19715516	SS01149	shotgun metagenomic sequencing of human stool	WGS	METAGENOMIC	RANDOM	paired	ILLUMINA	Illumina NovaSeq 6000	150PE Flow Cell S4	fastq	SS01149.r1.hfilt.fq.gz	SS01149.r2.hfilt.fq.gz
SAMN19715512	SS01145	shotgun metagenomic sequencing of human stool	WGS	METAGENOMIC	RANDOM	paired	ILLUMINA	Illumina NovaSeq 6000	150PE Flow Cell S4	fastq	SS01145.r1.hfilt.fq.gz	SS01145.r2.hfilt.fq.gz
SAMN19715513	SS01146	shotgun metagenomic sequencing of human stool	WGS	METAGENOMIC	RANDOM	paired	ILLUMINA	Illumina NovaSeq 6000	150PE Flow Cell S4	fastq	SS01146.r1.hfilt.fq.gz	SS01146.r2.hfilt.fq.gz
SAMN19715518	SS01151	shotgun metagenomic sequencing of human stool	WGS	METAGENOMIC	RANDOM	paired	ILLUMINA	Illumina NovaSeq 6000	150PE Flow Cell S4	fastq	SS01151.r1.hfilt.fq.gz	SS01151.r2.hfilt.fq.gz
SAMN19715514	SS01147	shotgun metagenomic sequencing of human stool	WGS	METAGENOMIC	RANDOM	paired	ILLUMINA	Illumina NovaSeq 6000	150PE Flow Cell S4	fastq	SS01147.r1.hfilt.fq.gz	SS01147.r2.hfilt.fq.gz
SAMN19715517	SS01150	shotgun metagenomic sequencing of human stool	WGS	METAGENOMIC	RANDOM	paired	ILLUMINA	Illumina NovaSeq 6000	150PE Flow Cell S4	fastq	SS01150.r1.hfilt.fq.gz	SS01150.r2.hfilt.fq.gz
SAMN19715520	SS01154	shotgun metagenomic sequencing of human stool	WGS	METAGENOMIC	RANDOM	paired	ILLUMINA	Illumina NovaSeq 6000	150PE Flow Cell S4	fastq	SS01154.r1.hfilt.fq.gz	SS01154.r2.hfilt.fq.gz
SAMN19715521	SS01155	shotgun metagenomic sequencing of human stool	WGS	METAGENOMIC	RANDOM	paired	ILLUMINA	Illumina NovaSeq 6000	150PE Flow Cell S4	fastq	SS01155.r1.hfilt.fq.gz	SS01155.r2.hfilt.fq.gz
SAMN19715515	SS01148	shotgun metagenomic sequencing of human stool	WGS	METAGENOMIC	RANDOM	paired	ILLUMINA	Illumina NovaSeq 6000	150PE Flow Cell S4	fastq	SS01148.r1.hfilt.fq.gz	SS01148.r2.hfilt.fq.gz
SAMN19715522	SS01156	shotgun metagenomic sequencing of human stool	WGS	METAGENOMIC	RANDOM	paired	ILLUMINA	Illumina NovaSeq 6000	150PE Flow Cell S4	fastq	SS01156.r1.hfilt.fq.gz	SS01156.r2.hfilt.fq.gz
SAMN19715525	SS01160	shotgun metagenomic sequencing of human stool	WGS	METAGENOMIC	RANDOM	paired	ILLUMINA	Illumina NovaSeq 6000	150PE Flow Cell S4	fastq	SS01160.r1.hfilt.fq.gz	SS01160.r2.hfilt.fq.gz
SAMN19715523	SS01157	shotgun metagenomic sequencing of human stool	WGS	METAGENOMIC	RANDOM	paired	ILLUMINA	Illumina NovaSeq 6000	150PE Flow Cell S4	fastq	SS01157.r1.hfilt.fq.gz	SS01157.r2.hfilt.fq.gz
SAMN19715524	SS01158	shotgun metagenomic sequencing of human stool	WGS	METAGENOMIC	RANDOM	paired	ILLUMINA	Illumina NovaSeq 6000	150PE Flow Cell S4	fastq	SS01158.r1.hfilt.fq.gz	SS01158.r2.hfilt.fq.gz
SAMN19715519	SS01153	shotgun metagenomic sequencing of human stool	WGS	METAGENOMIC	RANDOM	paired	ILLUMINA	Illumina NovaSeq 6000	150PE Flow Cell S4	fastq	SS01153.r1.hfilt.fq.gz	SS01153.r2.hfilt.fq.gz
SAMN19715527	SS01162	shotgun metagenomic sequencing of human stool	WGS	METAGENOMIC	RANDOM	paired	ILLUMINA	Illumina NovaSeq 6000	150PE Flow Cell S4	fastq	SS01162.r1.hfilt.fq.gz	SS01162.r2.hfilt.fq.gz
SAMN19715526	SS01161	shotgun metagenomic sequencing of human stool	WGS	METAGENOMIC	RANDOM	paired	ILLUMINA	Illumina NovaSeq 6000	150PE Flow Cell S4	fastq	SS01161.r1.hfilt.fq.gz	SS01161.r2.hfilt.fq.gz
SAMN19715529	SS01164	shotgun metagenomic sequencing of human stool	WGS	METAGENOMIC	RANDOM	paired	ILLUMINA	Illumina NovaSeq 6000	150PE Flow Cell S4	fastq	SS01164.r1.hfilt.fq.gz	SS01164.r2.hfilt.fq.gz
SAMN19715528	SS01163	shotgun metagenomic sequencing of human stool	WGS	METAGENOMIC	RANDOM	paired	ILLUMINA	Illumina NovaSeq 6000	150PE Flow Cell S4	fastq	SS01163.r1.hfilt.fq.gz	SS01163.r2.hfilt.fq.gz
SAMN19715534	SS01169	shotgun metagenomic sequencing of human stool	WGS	METAGENOMIC	RANDOM	paired	ILLUMINA	Illumina NovaSeq 6000	150PE Flow Cell S4	fastq	SS01169.r1.hfilt.fq.gz	SS01169.r2.hfilt.fq.gz
SAMN19715530	SS01165	shotgun metagenomic sequencing of human stool	WGS	METAGENOMIC	RANDOM	paired	ILLUMINA	Illumina NovaSeq 6000	150PE Flow Cell S4	fastq	SS01165.r1.hfilt.fq.gz	SS01165.r2.hfilt.fq.gz
SAMN19715533	SS01168	shotgun metagenomic sequencing of human stool	WGS	METAGENOMIC	RANDOM	paired	ILLUMINA	Illumina NovaSeq 6000	150PE Flow Cell S4	fastq	SS01168.r1.hfilt.fq.gz	SS01168.r2.hfilt.fq.gz
SAMN19715532	SS01167	shotgun metagenomic sequencing of human stool	WGS	METAGENOMIC	RANDOM	paired	ILLUMINA	Illumina NovaSeq 6000	150PE Flow Cell S4	fastq	SS01167.r1.hfilt.fq.gz	SS01167.r2.hfilt.fq.gz
SAMN19715531	SS01166	shotgun metagenomic sequencing of human stool	WGS	METAGENOMIC	RANDOM	paired	ILLUMINA	Illumina NovaSeq 6000	150PE Flow Cell S4	fastq	SS01166.r1.hfilt.fq.gz	SS01166.r2.hfilt.fq.gz
SAMN19715535	SS01170	shotgun metagenomic sequencing of human stool	WGS	METAGENOMIC	RANDOM	paired	ILLUMINA	Illumina NovaSeq 6000	150PE Flow Cell S4	fastq	SS01170.r1.hfilt.fq.gz	SS01170.r2.hfilt.fq.gz
SAMN19715536	SS01171	shotgun metagenomic sequencing of human stool	WGS	METAGENOMIC	RANDOM	paired	ILLUMINA	Illumina NovaSeq 6000	150PE Flow Cell S4	fastq	SS01171.r1.hfilt.fq.gz	SS01171.r2.hfilt.fq.gz
SAMN19715324	DS0044_002	shotgun metagenomic sequencing of human stool	WGS	METAGENOMIC	RANDOM	paired	ILLUMINA	Illumina NovaSeq 6000	150PE Flow Cell S4	fastq	DS0044_002.r1.hfilt.fq.gz	DS0044_002.r2.hfilt.fq.gz
SAMN19715325	DS0044_003	shotgun metagenomic sequencing of human stool	WGS	METAGENOMIC	RANDOM	paired	ILLUMINA	Illumina NovaSeq 6000	150PE Flow Cell S4	fastq	DS0044_003.r1.hfilt.fq.gz	DS0044_003.r2.hfilt.fq.gz
SAMN19715326	DS0044_004	shotgun metagenomic sequencing of human stool	WGS	METAGENOMIC	RANDOM	paired	ILLUMINA	Illumina NovaSeq 6000	150PE Flow Cell S4	fastq	DS0044_004.r1.hfilt.fq.gz	DS0044_004.r2.hfilt.fq.gz
SAMN19715327	DS0044_005	shotgun metagenomic sequencing of human stool	WGS	METAGENOMIC	RANDOM	paired	ILLUMINA	Illumina NovaSeq 6000	150PE Flow Cell S4	fastq	DS0044_005.r1.hfilt.fq.gz	DS0044_005.r2.hfilt.fq.gz
SAMN19715328	DS0044_006	shotgun metagenomic sequencing of human stool	WGS	METAGENOMIC	RANDOM	paired	ILLUMINA	Illumina NovaSeq 6000	150PE Flow Cell S4	fastq	DS0044_006.r1.hfilt.fq.gz	DS0044_006.r2.hfilt.fq.gz
SAMN19715329	DS0044_007	shotgun metagenomic sequencing of human stool	WGS	METAGENOMIC	RANDOM	paired	ILLUMINA	Illumina NovaSeq 6000	150PE Flow Cell S4	fastq	DS0044_007.r1.hfilt.fq.gz	DS0044_007.r2.hfilt.fq.gz
SAMN19715330	DS0044_008	shotgun metagenomic sequencing of human stool	WGS	METAGENOMIC	RANDOM	paired	ILLUMINA	Illumina NovaSeq 6000	150PE Flow Cell S4	fastq	DS0044_008.r1.hfilt.fq.gz	DS0044_008.r2.hfilt.fq.gz
SAMN19715331	DS0044_009	shotgun metagenomic sequencing of human stool	WGS	METAGENOMIC	RANDOM	paired	ILLUMINA	Illumina NovaSeq 6000	150PE Flow Cell S4	fastq	DS0044_009.r1.hfilt.fq.gz	DS0044_009.r2.hfilt.fq.gz
SAMN19715332	DS0044_010	shotgun metagenomic sequencing of human stool	WGS	METAGENOMIC	RANDOM	paired	ILLUMINA	Illumina NovaSeq 6000	150PE Flow Cell S4	fastq	DS0044_010.r1.hfilt.fq.gz	DS0044_010.r2.hfilt.fq.gz
SAMN19715333	DS0044_011	shotgun metagenomic sequencing of human stool	WGS	METAGENOMIC	RANDOM	paired	ILLUMINA	Illumina NovaSeq 6000	150PE Flow Cell S4	fastq	DS0044_011.r1.hfilt.fq.gz	DS0044_011.r2.hfilt.fq.gz
SAMN19715537	SS01172	shotgun metagenomic sequencing of human stool	WGS	METAGENOMIC	RANDOM	paired	ILLUMINA	Illumina NovaSeq 6000	150PE Flow Cell S4	fastq	SS01172.r1.hfilt.fq.gz	SS01172.r2.hfilt.fq.gz
SAMN19715540	SS01185	shotgun metagenomic sequencing of human stool	WGS	METAGENOMIC	RANDOM	paired	ILLUMINA	Illumina NovaSeq 6000	150PE Flow Cell S4	fastq	SS01185.r1.hfilt.fq.gz	SS01185.r2.hfilt.fq.gz
SAMN19715394	SS01008b	shotgun metagenomic sequencing of human stool	WGS	METAGENOMIC	RANDOM	paired	ILLUMINA	Illumina NovaSeq 6000	150PE Flow Cell S4	fastq	SS01008b.r1.hfilt.fq.gz	SS01008b.r2.hfilt.fq.gz
SAMN19715398	SS01013b	shotgun metagenomic sequencing of human stool	WGS	METAGENOMIC	RANDOM	paired	ILLUMINA	Illumina NovaSeq 6000	150PE Flow Cell S4	fastq	SS01013b.r1.hfilt.fq.gz	SS01013b.r2.hfilt.fq.gz
SAMN19715404	SS01020b	shotgun metagenomic sequencing of human stool	WGS	METAGENOMIC	RANDOM	paired	ILLUMINA	Illumina NovaSeq 6000	150PE Flow Cell S4	fastq	SS01020b.r1.hfilt.fq.gz	SS01020b.r2.hfilt.fq.gz
SAMN19715414	SS01032b	shotgun metagenomic sequencing of human stool	WGS	METAGENOMIC	RANDOM	paired	ILLUMINA	Illumina NovaSeq 6000	150PE Flow Cell S4	fastq	SS01032b.r1.hfilt.fq.gz	SS01032b.r2.hfilt.fq.gz
SAMN19715416	SS01034b	shotgun metagenomic sequencing of human stool	WGS	METAGENOMIC	RANDOM	paired	ILLUMINA	Illumina NovaSeq 6000	150PE Flow Cell S4	fastq	SS01034b.r1.hfilt.fq.gz	SS01034b.r2.hfilt.fq.gz
SAMN19715421	SS01039b	shotgun metagenomic sequencing of human stool	WGS	METAGENOMIC	RANDOM	paired	ILLUMINA	Illumina NovaSeq 6000	150PE Flow Cell S4	fastq	SS01039b.r1.hfilt.fq.gz	SS01039b.r2.hfilt.fq.gz
SAMN19715423	SS01043b	shotgun metagenomic sequencing of human stool	WGS	METAGENOMIC	RANDOM	paired	ILLUMINA	Illumina NovaSeq 6000	150PE Flow Cell S4	fastq	SS01043b.r1.hfilt.fq.gz	SS01043b.r2.hfilt.fq.gz
SAMN19715425	SS01046b	shotgun metagenomic sequencing of human stool	WGS	METAGENOMIC	RANDOM	paired	ILLUMINA	Illumina NovaSeq 6000	150PE Flow Cell S4	fastq	SS01046b.r1.hfilt.fq.gz	SS01046b.r2.hfilt.fq.gz
SAMN19715440	SS01062b	shotgun metagenomic sequencing of human stool	WGS	METAGENOMIC	RANDOM	paired	ILLUMINA	Illumina NovaSeq 6000	150PE Flow Cell S4	fastq	SS01062b.r1.hfilt.fq.gz	SS01062b.r2.hfilt.fq.gz
SAMN19715466	SS01093b	shotgun metagenomic sequencing of human stool	WGS	METAGENOMIC	RANDOM	paired	ILLUMINA	Illumina NovaSeq 6000	150PE Flow Cell S4	fastq	SS01093b.r1.hfilt.fq.gz	SS01093b.r2.hfilt.fq.gz
SAMN19715488	SS01117b	shotgun metagenomic sequencing of human stool	WGS	METAGENOMIC	RANDOM	paired	ILLUMINA	Illumina NovaSeq 6000	150PE Flow Cell S4	fastq	SS01117b.r1.hfilt.fq.gz	SS01117b.r2.hfilt.fq.gz
SAMN19715491	SS01120b	shotgun metagenomic sequencing of human stool	WGS	METAGENOMIC	RANDOM	paired	ILLUMINA	Illumina NovaSeq 6000	150PE Flow Cell S4	fastq	SS01120b.r1.hfilt.fq.gz	SS01120b.r2.hfilt.fq.gz
SAMN19715496	SS01126b	shotgun metagenomic sequencing of human stool	WGS	METAGENOMIC	RANDOM	paired	ILLUMINA	Illumina NovaSeq 6000	150PE Flow Cell S4	fastq	SS01126b.r1.hfilt.fq.gz	SS01126b.r2.hfilt.fq.gz
